127.0.0.1 - - [02/Oct/2026 14:31:58] "GET / HTTP/1.1" 200 -
127.0.0.1 - - [02/Oct/2026 14:31:58] "GET /app.js?v=20261002040206 HTTP/1.1" 200 -
127.0.0.1 - - [02/Oct/2026 14:31:58] "GET /app.css?v=20261002040206 HTTP/1.1" 200 -
----------------------------------------
Exception occurred during processing of request from ('127.0.0.1', 44590)
----------------------------------------
Exception occurred during processing of request from ('127.0.0.1', 44640)
----------------------------------------
Exception occurred during processing of request from ('127.0.0.1', 44606)
----------------------------------------
Exception occurred during processing of request from ('127.0.0.1', 44622)
----------------------------------------
Exception occurred during processing of request from ('127.0.0.1', 44620)
----------------------------------------
Exception occurred during processing of request from ('127.0.0.1', 44630)
Traceback (most recent call last):
Traceback (most recent call last):
Traceback (most recent call last):
Traceback (most recent call last):
Traceback (most recent call last):
Traceback (most recent call last):
  File "/usr/lib/python3.13/urllib/request.py", line 1319, in do_open
    h.request(req.get_method(), req.selector, req.data, headers,
    ~~~~~~~~~^^^^^^^^^^^^^^^^^^^^^^^^^^^^^^^^^^^^^^^^^^^^^^^^^^^
              encode_chunked=req.has_header('Transfer-encoding'))
              ^^^^^^^^^^^^^^^^^^^^^^^^^^^^^^^^^^^^^^^^^^^^^^^^^^^
  File "/usr/lib/python3.13/http/client.py", line 1367, in request
    self._send_request(method, url, body, headers, encode_chunked)
    ~~~~~~~~~~~~~~~~~~^^^^^^^^^^^^^^^^^^^^^^^^^^^^^^^^^^^^^^^^^^^^
  File "/usr/lib/python3.13/http/client.py", line 1413, in _send_request
    self.endheaders(body, encode_chunked=encode_chunked)
    ~~~~~~~~~~~~~~~^^^^^^^^^^^^^^^^^^^^^^^^^^^^^^^^^^^^^
  File "/usr/lib/python3.13/http/client.py", line 1362, in endheaders
    self._send_output(message_body, encode_chunked=encode_chunked)
    ~~~~~~~~~~~~~~~~~^^^^^^^^^^^^^^^^^^^^^^^^^^^^^^^^^^^^^^^^^^^^^
  File "/usr/lib/python3.13/http/client.py", line 1122, in _send_output
    self.send(msg)
    ~~~~~~~~~^^^^^
  File "/usr/lib/python3.13/http/client.py", line 1066, in send
    self.connect()
    ~~~~~~~~~~~~^^
  File "/usr/lib/python3.13/urllib/request.py", line 1319, in do_open
    h.request(req.get_method(), req.selector, req.data, headers,
    ~~~~~~~~~^^^^^^^^^^^^^^^^^^^^^^^^^^^^^^^^^^^^^^^^^^^^^^^^^^^
              encode_chunked=req.has_header('Transfer-encoding'))
              ^^^^^^^^^^^^^^^^^^^^^^^^^^^^^^^^^^^^^^^^^^^^^^^^^^^
  File "/usr/lib/python3.13/http/client.py", line 1367, in request
    self._send_request(method, url, body, headers, encode_chunked)
    ~~~~~~~~~~~~~~~~~~^^^^^^^^^^^^^^^^^^^^^^^^^^^^^^^^^^^^^^^^^^^^
  File "/usr/lib/python3.13/http/client.py", line 1413, in _send_request
    self.endheaders(body, encode_chunked=encode_chunked)
    ~~~~~~~~~~~~~~~^^^^^^^^^^^^^^^^^^^^^^^^^^^^^^^^^^^^^
  File "/usr/lib/python3.13/urllib/request.py", line 1319, in do_open
    h.request(req.get_method(), req.selector, req.data, headers,
    ~~~~~~~~~^^^^^^^^^^^^^^^^^^^^^^^^^^^^^^^^^^^^^^^^^^^^^^^^^^^
              encode_chunked=req.has_header('Transfer-encoding'))
              ^^^^^^^^^^^^^^^^^^^^^^^^^^^^^^^^^^^^^^^^^^^^^^^^^^^
  File "/usr/lib/python3.13/http/client.py", line 1032, in connect
    self.sock = self._create_connection(
                ~~~~~~~~~~~~~~~~~~~~~~~^
        (self.host,self.port), self.timeout, self.source_address)
        ^^^^^^^^^^^^^^^^^^^^^^^^^^^^^^^^^^^^^^^^^^^^^^^^^^^^^^^^^
  File "/usr/lib/python3.13/http/client.py", line 1362, in endheaders
    self._send_output(message_body, encode_chunked=encode_chunked)
    ~~~~~~~~~~~~~~~~~^^^^^^^^^^^^^^^^^^^^^^^^^^^^^^^^^^^^^^^^^^^^^
  File "/usr/lib/python3.13/http/client.py", line 1122, in _send_output
    self.send(msg)
    ~~~~~~~~~^^^^^
  File "/usr/lib/python3.13/urllib/request.py", line 1319, in do_open
    h.request(req.get_method(), req.selector, req.data, headers,
    ~~~~~~~~~^^^^^^^^^^^^^^^^^^^^^^^^^^^^^^^^^^^^^^^^^^^^^^^^^^^
              encode_chunked=req.has_header('Transfer-encoding'))
              ^^^^^^^^^^^^^^^^^^^^^^^^^^^^^^^^^^^^^^^^^^^^^^^^^^^
  File "/usr/lib/python3.13/urllib/request.py", line 1319, in do_open
    h.request(req.get_method(), req.selector, req.data, headers,
    ~~~~~~~~~^^^^^^^^^^^^^^^^^^^^^^^^^^^^^^^^^^^^^^^^^^^^^^^^^^^
              encode_chunked=req.has_header('Transfer-encoding'))
              ^^^^^^^^^^^^^^^^^^^^^^^^^^^^^^^^^^^^^^^^^^^^^^^^^^^
  File "/usr/lib/python3.13/http/client.py", line 1367, in request
    self._send_request(method, url, body, headers, encode_chunked)
    ~~~~~~~~~~~~~~~~~~^^^^^^^^^^^^^^^^^^^^^^^^^^^^^^^^^^^^^^^^^^^^
  File "/usr/lib/python3.13/socket.py", line 864, in create_connection
    raise exceptions[0]
  File "/usr/lib/python3.13/http/client.py", line 1066, in send
    self.connect()
    ~~~~~~~~~~~~^^
  File "/usr/lib/python3.13/urllib/request.py", line 1319, in do_open
    h.request(req.get_method(), req.selector, req.data, headers,
    ~~~~~~~~~^^^^^^^^^^^^^^^^^^^^^^^^^^^^^^^^^^^^^^^^^^^^^^^^^^^
              encode_chunked=req.has_header('Transfer-encoding'))
              ^^^^^^^^^^^^^^^^^^^^^^^^^^^^^^^^^^^^^^^^^^^^^^^^^^^
  File "/usr/lib/python3.13/socket.py", line 849, in create_connection
    sock.connect(sa)
    ~~~~~~~~~~~~^^^^
  File "/usr/lib/python3.13/http/client.py", line 1413, in _send_request
    self.endheaders(body, encode_chunked=encode_chunked)
    ~~~~~~~~~~~~~~~^^^^^^^^^^^^^^^^^^^^^^^^^^^^^^^^^^^^^
  File "/usr/lib/python3.13/http/client.py", line 1367, in request
    self._send_request(method, url, body, headers, encode_chunked)
    ~~~~~~~~~~~~~~~~~~^^^^^^^^^^^^^^^^^^^^^^^^^^^^^^^^^^^^^^^^^^^^
  File "/usr/lib/python3.13/http/client.py", line 1413, in _send_request
    self.endheaders(body, encode_chunked=encode_chunked)
    ~~~~~~~~~~~~~~~^^^^^^^^^^^^^^^^^^^^^^^^^^^^^^^^^^^^^
  File "/usr/lib/python3.13/http/client.py", line 1032, in connect
    self.sock = self._create_connection(
                ~~~~~~~~~~~~~~~~~~~~~~~^
        (self.host,self.port), self.timeout, self.source_address)
        ^^^^^^^^^^^^^^^^^^^^^^^^^^^^^^^^^^^^^^^^^^^^^^^^^^^^^^^^^
  File "/usr/lib/python3.13/http/client.py", line 1362, in endheaders
    self._send_output(message_body, encode_chunked=encode_chunked)
    ~~~~~~~~~~~~~~~~~^^^^^^^^^^^^^^^^^^^^^^^^^^^^^^^^^^^^^^^^^^^^^
  File "/usr/lib/python3.13/http/client.py", line 1367, in request
    self._send_request(method, url, body, headers, encode_chunked)
    ~~~~~~~~~~~~~~~~~~^^^^^^^^^^^^^^^^^^^^^^^^^^^^^^^^^^^^^^^^^^^^
  File "/usr/lib/python3.13/http/client.py", line 1367, in request
    self._send_request(method, url, body, headers, encode_chunked)
    ~~~~~~~~~~~~~~~~~~^^^^^^^^^^^^^^^^^^^^^^^^^^^^^^^^^^^^^^^^^^^^
  File "/usr/lib/python3.13/http/client.py", line 1362, in endheaders
    self._send_output(message_body, encode_chunked=encode_chunked)
    ~~~~~~~~~~~~~~~~~^^^^^^^^^^^^^^^^^^^^^^^^^^^^^^^^^^^^^^^^^^^^^
  File "/usr/lib/python3.13/http/client.py", line 1122, in _send_output
    self.send(msg)
    ~~~~~~~~~^^^^^
  File "/usr/lib/python3.13/http/client.py", line 1413, in _send_request
    self.endheaders(body, encode_chunked=encode_chunked)
    ~~~~~~~~~~~~~~~^^^^^^^^^^^^^^^^^^^^^^^^^^^^^^^^^^^^^
ConnectionRefusedError: [Errno 111] Connection refused
  File "/usr/lib/python3.13/http/client.py", line 1413, in _send_request
    self.endheaders(body, encode_chunked=encode_chunked)
    ~~~~~~~~~~~~~~~^^^^^^^^^^^^^^^^^^^^^^^^^^^^^^^^^^^^^
  File "/usr/lib/python3.13/socket.py", line 864, in create_connection
    raise exceptions[0]
  File "/usr/lib/python3.13/http/client.py", line 1122, in _send_output
    self.send(msg)
    ~~~~~~~~~^^^^^
  File "/usr/lib/python3.13/http/client.py", line 1066, in send
    self.connect()
    ~~~~~~~~~~~~^^

During handling of the above exception, another exception occurred:

  File "/usr/lib/python3.13/http/client.py", line 1362, in endheaders
    self._send_output(message_body, encode_chunked=encode_chunked)
    ~~~~~~~~~~~~~~~~~^^^^^^^^^^^^^^^^^^^^^^^^^^^^^^^^^^^^^^^^^^^^^
  File "/usr/lib/python3.13/http/client.py", line 1122, in _send_output
    self.send(msg)
    ~~~~~~~~~^^^^^
  File "/usr/lib/python3.13/http/client.py", line 1066, in send
    self.connect()
    ~~~~~~~~~~~~^^
  File "/usr/lib/python3.13/http/client.py", line 1032, in connect
    self.sock = self._create_connection(
                ~~~~~~~~~~~~~~~~~~~~~~~^
        (self.host,self.port), self.timeout, self.source_address)
        ^^^^^^^^^^^^^^^^^^^^^^^^^^^^^^^^^^^^^^^^^^^^^^^^^^^^^^^^^
  File "/usr/lib/python3.13/http/client.py", line 1362, in endheaders
    self._send_output(message_body, encode_chunked=encode_chunked)
    ~~~~~~~~~~~~~~~~~^^^^^^^^^^^^^^^^^^^^^^^^^^^^^^^^^^^^^^^^^^^^^
  File "/usr/lib/python3.13/http/client.py", line 1066, in send
    self.connect()
    ~~~~~~~~~~~~^^
Traceback (most recent call last):
  File "/usr/lib/python3.13/socket.py", line 864, in create_connection
    raise exceptions[0]
  File "/usr/lib/python3.13/socket.py", line 849, in create_connection
    sock.connect(sa)
    ~~~~~~~~~~~~^^^^
  File "/usr/lib/python3.13/http/client.py", line 1032, in connect
    self.sock = self._create_connection(
                ~~~~~~~~~~~~~~~~~~~~~~~^
        (self.host,self.port), self.timeout, self.source_address)
        ^^^^^^^^^^^^^^^^^^^^^^^^^^^^^^^^^^^^^^^^^^^^^^^^^^^^^^^^^
ConnectionRefusedError: [Errno 111] Connection refused
  File "/usr/lib/python3.13/socket.py", line 864, in create_connection
    raise exceptions[0]
  File "/usr/lib/python3.13/socket.py", line 849, in create_connection
    sock.connect(sa)
    ~~~~~~~~~~~~^^^^

During handling of the above exception, another exception occurred:

  File "/usr/lib/python3.13/http/client.py", line 1122, in _send_output
    self.send(msg)
    ~~~~~~~~~^^^^^
ConnectionRefusedError: [Errno 111] Connection refused
Traceback (most recent call last):
  File "/usr/lib/python3.13/socketserver.py", line 697, in process_request_thread
    self.finish_request(request, client_address)
    ~~~~~~~~~~~~~~~~~~~^^^^^^^^^^^^^^^^^^^^^^^^^
  File "/usr/lib/python3.13/http/client.py", line 1032, in connect
    self.sock = self._create_connection(
                ~~~~~~~~~~~~~~~~~~~~~~~^
        (self.host,self.port), self.timeout, self.source_address)
        ^^^^^^^^^^^^^^^^^^^^^^^^^^^^^^^^^^^^^^^^^^^^^^^^^^^^^^^^^
  File "/usr/lib/python3.13/socket.py", line 864, in create_connection
    raise exceptions[0]
  File "/usr/lib/python3.13/http/client.py", line 1066, in send
    self.connect()
    ~~~~~~~~~~~~^^
  File "/usr/lib/python3.13/http/client.py", line 1032, in connect
    self.sock = self._create_connection(
                ~~~~~~~~~~~~~~~~~~~~~~~^
        (self.host,self.port), self.timeout, self.source_address)
        ^^^^^^^^^^^^^^^^^^^^^^^^^^^^^^^^^^^^^^^^^^^^^^^^^^^^^^^^^
  File "/usr/lib/python3.13/socket.py", line 849, in create_connection
    sock.connect(sa)
    ~~~~~~~~~~~~^^^^
  File "/usr/lib/python3.13/socketserver.py", line 362, in finish_request
    self.RequestHandlerClass(request, client_address, self)
    ~~~~~~~~~~~~~~~~~~~~~~~~^^^^^^^^^^^^^^^^^^^^^^^^^^^^^^^
  File "/dev/shm/mosdns-rust-client-ecs-20261002/proof/services.py", line 24, in __init__
    def __init__(self,*args,**kwargs):super().__init__(*args,directory=str(bundle),**kwargs)
                                      ~~~~~~~~~~~~~~~~^^^^^^^^^^^^^^^^^^^^^^^^^^^^^^^^^^^^^^
  File "/usr/lib/python3.13/socket.py", line 849, in create_connection
    sock.connect(sa)
    ~~~~~~~~~~~~^^^^
  File "/usr/lib/python3.13/socket.py", line 864, in create_connection
    raise exceptions[0]

During handling of the above exception, another exception occurred:

  File "/usr/lib/python3.13/socket.py", line 849, in create_connection
    sock.connect(sa)
    ~~~~~~~~~~~~^^^^
ConnectionRefusedError: [Errno 111] Connection refused
ConnectionRefusedError: [Errno 111] Connection refused
Traceback (most recent call last):
  File "/usr/lib/python3.13/http/server.py", line 672, in __init__
    super().__init__(*args, **kwargs)
    ~~~~~~~~~~~~~~~~^^^^^^^^^^^^^^^^^
  File "/usr/lib/python3.13/socketserver.py", line 766, in __init__
    self.handle()
    ~~~~~~~~~~~^^

During handling of the above exception, another exception occurred:

Traceback (most recent call last):

During handling of the above exception, another exception occurred:

ConnectionRefusedError: [Errno 111] Connection refused
  File "/usr/lib/python3.13/socketserver.py", line 697, in process_request_thread
    self.finish_request(request, client_address)
    ~~~~~~~~~~~~~~~~~~~^^^^^^^^^^^^^^^^^^^^^^^^^
  File "/usr/lib/python3.13/http/server.py", line 436, in handle
    self.handle_one_request()
    ~~~~~~~~~~~~~~~~~~~~~~~^^
  File "/usr/lib/python3.13/http/server.py", line 424, in handle_one_request
    method()
    ~~~~~~^^
  File "/usr/lib/python3.13/socketserver.py", line 697, in process_request_thread
    self.finish_request(request, client_address)
    ~~~~~~~~~~~~~~~~~~~^^^^^^^^^^^^^^^^^^^^^^^^^
Traceback (most recent call last):

During handling of the above exception, another exception occurred:

  File "/usr/lib/python3.13/socketserver.py", line 362, in finish_request
    self.RequestHandlerClass(request, client_address, self)
    ~~~~~~~~~~~~~~~~~~~~~~~~^^^^^^^^^^^^^^^^^^^^^^^^^^^^^^^
  File "/dev/shm/mosdns-rust-client-ecs-20261002/proof/services.py", line 26, in do_GET
    if self.path.startswith(('/api/','/plugins/','/metrics')):self.proxy()
                                                              ~~~~~~~~~~^^
  File "/usr/lib/python3.13/socketserver.py", line 697, in process_request_thread
    self.finish_request(request, client_address)
    ~~~~~~~~~~~~~~~~~~~^^^^^^^^^^^^^^^^^^^^^^^^^
  File "/usr/lib/python3.13/socketserver.py", line 362, in finish_request
    self.RequestHandlerClass(request, client_address, self)
    ~~~~~~~~~~~~~~~~~~~~~~~~^^^^^^^^^^^^^^^^^^^^^^^^^^^^^^^
  File "/dev/shm/mosdns-rust-client-ecs-20261002/proof/services.py", line 24, in __init__
    def __init__(self,*args,**kwargs):super().__init__(*args,directory=str(bundle),**kwargs)
                                      ~~~~~~~~~~~~~~~~^^^^^^^^^^^^^^^^^^^^^^^^^^^^^^^^^^^^^^
  File "/dev/shm/mosdns-rust-client-ecs-20261002/proof/services.py", line 32, in proxy
    try:response=urllib.request.urlopen(request)
                 ~~~~~~~~~~~~~~~~~~~~~~^^^^^^^^^
  File "/dev/shm/mosdns-rust-client-ecs-20261002/proof/services.py", line 24, in __init__
    def __init__(self,*args,**kwargs):super().__init__(*args,directory=str(bundle),**kwargs)
                                      ~~~~~~~~~~~~~~~~^^^^^^^^^^^^^^^^^^^^^^^^^^^^^^^^^^^^^^
  File "/usr/lib/python3.13/http/server.py", line 672, in __init__
    super().__init__(*args, **kwargs)
    ~~~~~~~~~~~~~~~~^^^^^^^^^^^^^^^^^
Traceback (most recent call last):
  File "/usr/lib/python3.13/http/server.py", line 672, in __init__
    super().__init__(*args, **kwargs)
    ~~~~~~~~~~~~~~~~^^^^^^^^^^^^^^^^^
  File "/usr/lib/python3.13/urllib/request.py", line 189, in urlopen
    return opener.open(url, data, timeout)
           ~~~~~~~~~~~^^^^^^^^^^^^^^^^^^^^
  File "/usr/lib/python3.13/urllib/request.py", line 489, in open
    response = self._open(req, data)
  File "/usr/lib/python3.13/socketserver.py", line 766, in __init__
    self.handle()
    ~~~~~~~~~~~^^
  File "/usr/lib/python3.13/socketserver.py", line 697, in process_request_thread
    self.finish_request(request, client_address)
    ~~~~~~~~~~~~~~~~~~~^^^^^^^^^^^^^^^^^^^^^^^^^
  File "/usr/lib/python3.13/socketserver.py", line 362, in finish_request
    self.RequestHandlerClass(request, client_address, self)
    ~~~~~~~~~~~~~~~~~~~~~~~~^^^^^^^^^^^^^^^^^^^^^^^^^^^^^^^
  File "/usr/lib/python3.13/urllib/request.py", line 506, in _open
    result = self._call_chain(self.handle_open, protocol, protocol +
                              '_open', req)
  File "/usr/lib/python3.13/socketserver.py", line 362, in finish_request
    self.RequestHandlerClass(request, client_address, self)
    ~~~~~~~~~~~~~~~~~~~~~~~~^^^^^^^^^^^^^^^^^^^^^^^^^^^^^^^
  File "/dev/shm/mosdns-rust-client-ecs-20261002/proof/services.py", line 24, in __init__
    def __init__(self,*args,**kwargs):super().__init__(*args,directory=str(bundle),**kwargs)
                                      ~~~~~~~~~~~~~~~~^^^^^^^^^^^^^^^^^^^^^^^^^^^^^^^^^^^^^^
  File "/dev/shm/mosdns-rust-client-ecs-20261002/proof/services.py", line 24, in __init__
    def __init__(self,*args,**kwargs):super().__init__(*args,directory=str(bundle),**kwargs)
                                      ~~~~~~~~~~~~~~~~^^^^^^^^^^^^^^^^^^^^^^^^^^^^^^^^^^^^^^
  File "/usr/lib/python3.13/urllib/request.py", line 466, in _call_chain
    result = func(*args)
  File "/usr/lib/python3.13/http/server.py", line 436, in handle
    self.handle_one_request()
    ~~~~~~~~~~~~~~~~~~~~~~~^^
  File "/usr/lib/python3.13/socketserver.py", line 766, in __init__
    self.handle()
    ~~~~~~~~~~~^^
  File "/usr/lib/python3.13/http/server.py", line 436, in handle
    self.handle_one_request()
    ~~~~~~~~~~~~~~~~~~~~~~~^^
  File "/usr/lib/python3.13/http/server.py", line 424, in handle_one_request
    method()
    ~~~~~~^^
  File "/usr/lib/python3.13/urllib/request.py", line 1348, in http_open
    return self.do_open(http.client.HTTPConnection, req)
           ~~~~~~~~~~~~^^^^^^^^^^^^^^^^^^^^^^^^^^^^^^^^^
  File "/usr/lib/python3.13/http/server.py", line 672, in __init__
    super().__init__(*args, **kwargs)
    ~~~~~~~~~~~~~~~~^^^^^^^^^^^^^^^^^
  File "/usr/lib/python3.13/socketserver.py", line 697, in process_request_thread
    self.finish_request(request, client_address)
    ~~~~~~~~~~~~~~~~~~~^^^^^^^^^^^^^^^^^^^^^^^^^
  File "/usr/lib/python3.13/socketserver.py", line 362, in finish_request
    self.RequestHandlerClass(request, client_address, self)
    ~~~~~~~~~~~~~~~~~~~~~~~~^^^^^^^^^^^^^^^^^^^^^^^^^^^^^^^
  File "/usr/lib/python3.13/http/server.py", line 672, in __init__
    super().__init__(*args, **kwargs)
    ~~~~~~~~~~~~~~~~^^^^^^^^^^^^^^^^^
  File "/dev/shm/mosdns-rust-client-ecs-20261002/proof/services.py", line 26, in do_GET
    if self.path.startswith(('/api/','/plugins/','/metrics')):self.proxy()
                                                              ~~~~~~~~~~^^
  File "/dev/shm/mosdns-rust-client-ecs-20261002/proof/services.py", line 24, in __init__
    def __init__(self,*args,**kwargs):super().__init__(*args,directory=str(bundle),**kwargs)
                                      ~~~~~~~~~~~~~~~~^^^^^^^^^^^^^^^^^^^^^^^^^^^^^^^^^^^^^^
  File "/usr/lib/python3.13/http/server.py", line 424, in handle_one_request
    method()
    ~~~~~~^^
  File "/dev/shm/mosdns-rust-client-ecs-20261002/proof/services.py", line 32, in proxy
    try:response=urllib.request.urlopen(request)
                 ~~~~~~~~~~~~~~~~~~~~~~^^^^^^^^^
  File "/usr/lib/python3.13/urllib/request.py", line 1322, in do_open
    raise URLError(err)
  File "/usr/lib/python3.13/http/server.py", line 672, in __init__
    super().__init__(*args, **kwargs)
    ~~~~~~~~~~~~~~~~^^^^^^^^^^^^^^^^^
  File "/usr/lib/python3.13/socketserver.py", line 766, in __init__
    self.handle()
    ~~~~~~~~~~~^^
  File "/usr/lib/python3.13/socketserver.py", line 766, in __init__
    self.handle()
    ~~~~~~~~~~~^^
  File "/usr/lib/python3.13/socketserver.py", line 766, in __init__
    self.handle()
    ~~~~~~~~~~~^^
urllib.error.URLError: <urlopen error [Errno 111] Connection refused>
  File "/usr/lib/python3.13/urllib/request.py", line 189, in urlopen
    return opener.open(url, data, timeout)
           ~~~~~~~~~~~^^^^^^^^^^^^^^^^^^^^
  File "/dev/shm/mosdns-rust-client-ecs-20261002/proof/services.py", line 26, in do_GET
    if self.path.startswith(('/api/','/plugins/','/metrics')):self.proxy()
                                                              ~~~~~~~~~~^^
  File "/usr/lib/python3.13/http/server.py", line 436, in handle
    self.handle_one_request()
    ~~~~~~~~~~~~~~~~~~~~~~~^^
  File "/usr/lib/python3.13/http/server.py", line 436, in handle
    self.handle_one_request()
    ~~~~~~~~~~~~~~~~~~~~~~~^^
----------------------------------------
  File "/usr/lib/python3.13/urllib/request.py", line 489, in open
    response = self._open(req, data)
  File "/usr/lib/python3.13/urllib/request.py", line 506, in _open
    result = self._call_chain(self.handle_open, protocol, protocol +
                              '_open', req)
  File "/usr/lib/python3.13/urllib/request.py", line 466, in _call_chain
    result = func(*args)
  File "/usr/lib/python3.13/urllib/request.py", line 1348, in http_open
    return self.do_open(http.client.HTTPConnection, req)
           ~~~~~~~~~~~~^^^^^^^^^^^^^^^^^^^^^^^^^^^^^^^^^
  File "/usr/lib/python3.13/urllib/request.py", line 1322, in do_open
    raise URLError(err)
  File "/usr/lib/python3.13/http/server.py", line 424, in handle_one_request
    method()
    ~~~~~~^^
  File "/dev/shm/mosdns-rust-client-ecs-20261002/proof/services.py", line 26, in do_GET
    if self.path.startswith(('/api/','/plugins/','/metrics')):self.proxy()
                                                              ~~~~~~~~~~^^
  File "/dev/shm/mosdns-rust-client-ecs-20261002/proof/services.py", line 32, in proxy
    try:response=urllib.request.urlopen(request)
                 ~~~~~~~~~~~~~~~~~~~~~~^^^^^^^^^
  File "/usr/lib/python3.13/urllib/request.py", line 189, in urlopen
    return opener.open(url, data, timeout)
           ~~~~~~~~~~~^^^^^^^^^^^^^^^^^^^^
  File "/usr/lib/python3.13/urllib/request.py", line 489, in open
    response = self._open(req, data)
  File "/usr/lib/python3.13/urllib/request.py", line 506, in _open
    result = self._call_chain(self.handle_open, protocol, protocol +
                              '_open', req)
  File "/usr/lib/python3.13/urllib/request.py", line 466, in _call_chain
    result = func(*args)
  File "/usr/lib/python3.13/urllib/request.py", line 1348, in http_open
    return self.do_open(http.client.HTTPConnection, req)
           ~~~~~~~~~~~~^^^^^^^^^^^^^^^^^^^^^^^^^^^^^^^^^
  File "/usr/lib/python3.13/urllib/request.py", line 1322, in do_open
    raise URLError(err)
urllib.error.URLError: <urlopen error [Errno 111] Connection refused>
----------------------------------------
  File "/usr/lib/python3.13/http/server.py", line 436, in handle
    self.handle_one_request()
    ~~~~~~~~~~~~~~~~~~~~~~~^^
  File "/usr/lib/python3.13/http/server.py", line 424, in handle_one_request
    method()
    ~~~~~~^^
  File "/dev/shm/mosdns-rust-client-ecs-20261002/proof/services.py", line 26, in do_GET
    if self.path.startswith(('/api/','/plugins/','/metrics')):self.proxy()
                                                              ~~~~~~~~~~^^
  File "/usr/lib/python3.13/http/server.py", line 424, in handle_one_request
    method()
    ~~~~~~^^
  File "/dev/shm/mosdns-rust-client-ecs-20261002/proof/services.py", line 32, in proxy
    try:response=urllib.request.urlopen(request)
                 ~~~~~~~~~~~~~~~~~~~~~~^^^^^^^^^
  File "/usr/lib/python3.13/urllib/request.py", line 189, in urlopen
    return opener.open(url, data, timeout)
           ~~~~~~~~~~~^^^^^^^^^^^^^^^^^^^^
  File "/usr/lib/python3.13/urllib/request.py", line 489, in open
    response = self._open(req, data)
  File "/usr/lib/python3.13/urllib/request.py", line 506, in _open
    result = self._call_chain(self.handle_open, protocol, protocol +
                              '_open', req)
  File "/usr/lib/python3.13/urllib/request.py", line 466, in _call_chain
    result = func(*args)
  File "/usr/lib/python3.13/urllib/request.py", line 1348, in http_open
    return self.do_open(http.client.HTTPConnection, req)
           ~~~~~~~~~~~~^^^^^^^^^^^^^^^^^^^^^^^^^^^^^^^^^
  File "/usr/lib/python3.13/urllib/request.py", line 1322, in do_open
    raise URLError(err)
urllib.error.URLError: <urlopen error [Errno 111] Connection refused>
  File "/dev/shm/mosdns-rust-client-ecs-20261002/proof/services.py", line 32, in proxy
    try:response=urllib.request.urlopen(request)
                 ~~~~~~~~~~~~~~~~~~~~~~^^^^^^^^^
  File "/usr/lib/python3.13/urllib/request.py", line 189, in urlopen
    return opener.open(url, data, timeout)
           ~~~~~~~~~~~^^^^^^^^^^^^^^^^^^^^
  File "/usr/lib/python3.13/urllib/request.py", line 489, in open
    response = self._open(req, data)
urllib.error.URLError: <urlopen error [Errno 111] Connection refused>
----------------------------------------
----------------------------------------
  File "/usr/lib/python3.13/urllib/request.py", line 506, in _open
    result = self._call_chain(self.handle_open, protocol, protocol +
                              '_open', req)
  File "/usr/lib/python3.13/urllib/request.py", line 466, in _call_chain
    result = func(*args)
  File "/usr/lib/python3.13/urllib/request.py", line 1348, in http_open
    return self.do_open(http.client.HTTPConnection, req)
           ~~~~~~~~~~~~^^^^^^^^^^^^^^^^^^^^^^^^^^^^^^^^^
  File "/usr/lib/python3.13/urllib/request.py", line 1322, in do_open
    raise URLError(err)
  File "/dev/shm/mosdns-rust-client-ecs-20261002/proof/services.py", line 26, in do_GET
    if self.path.startswith(('/api/','/plugins/','/metrics')):self.proxy()
                                                              ~~~~~~~~~~^^
  File "/dev/shm/mosdns-rust-client-ecs-20261002/proof/services.py", line 32, in proxy
    try:response=urllib.request.urlopen(request)
                 ~~~~~~~~~~~~~~~~~~~~~~^^^^^^^^^
  File "/usr/lib/python3.13/urllib/request.py", line 189, in urlopen
    return opener.open(url, data, timeout)
           ~~~~~~~~~~~^^^^^^^^^^^^^^^^^^^^
  File "/usr/lib/python3.13/urllib/request.py", line 489, in open
    response = self._open(req, data)
  File "/usr/lib/python3.13/urllib/request.py", line 506, in _open
    result = self._call_chain(self.handle_open, protocol, protocol +
                              '_open', req)
  File "/usr/lib/python3.13/urllib/request.py", line 466, in _call_chain
    result = func(*args)
urllib.error.URLError: <urlopen error [Errno 111] Connection refused>
  File "/usr/lib/python3.13/urllib/request.py", line 1348, in http_open
    return self.do_open(http.client.HTTPConnection, req)
           ~~~~~~~~~~~~^^^^^^^^^^^^^^^^^^^^^^^^^^^^^^^^^
----------------------------------------
  File "/usr/lib/python3.13/urllib/request.py", line 1322, in do_open
    raise URLError(err)
urllib.error.URLError: <urlopen error [Errno 111] Connection refused>
----------------------------------------
----------------------------------------
Exception occurred during processing of request from ('127.0.0.1', 44654)
----------------------------------------
Exception occurred during processing of request from ('127.0.0.1', 44658)
Traceback (most recent call last):
  File "/usr/lib/python3.13/urllib/request.py", line 1319, in do_open
    h.request(req.get_method(), req.selector, req.data, headers,
    ~~~~~~~~~^^^^^^^^^^^^^^^^^^^^^^^^^^^^^^^^^^^^^^^^^^^^^^^^^^^
              encode_chunked=req.has_header('Transfer-encoding'))
              ^^^^^^^^^^^^^^^^^^^^^^^^^^^^^^^^^^^^^^^^^^^^^^^^^^^
  File "/usr/lib/python3.13/http/client.py", line 1367, in request
    self._send_request(method, url, body, headers, encode_chunked)
    ~~~~~~~~~~~~~~~~~~^^^^^^^^^^^^^^^^^^^^^^^^^^^^^^^^^^^^^^^^^^^^
  File "/usr/lib/python3.13/http/client.py", line 1413, in _send_request
    self.endheaders(body, encode_chunked=encode_chunked)
    ~~~~~~~~~~~~~~~^^^^^^^^^^^^^^^^^^^^^^^^^^^^^^^^^^^^^
  File "/usr/lib/python3.13/http/client.py", line 1362, in endheaders
    self._send_output(message_body, encode_chunked=encode_chunked)
    ~~~~~~~~~~~~~~~~~^^^^^^^^^^^^^^^^^^^^^^^^^^^^^^^^^^^^^^^^^^^^^
  File "/usr/lib/python3.13/http/client.py", line 1122, in _send_output
    self.send(msg)
    ~~~~~~~~~^^^^^
  File "/usr/lib/python3.13/http/client.py", line 1066, in send
    self.connect()
    ~~~~~~~~~~~~^^
  File "/usr/lib/python3.13/http/client.py", line 1032, in connect
    self.sock = self._create_connection(
                ~~~~~~~~~~~~~~~~~~~~~~~^
        (self.host,self.port), self.timeout, self.source_address)
        ^^^^^^^^^^^^^^^^^^^^^^^^^^^^^^^^^^^^^^^^^^^^^^^^^^^^^^^^^
  File "/usr/lib/python3.13/socket.py", line 864, in create_connection
    raise exceptions[0]
  File "/usr/lib/python3.13/socket.py", line 849, in create_connection
    sock.connect(sa)
    ~~~~~~~~~~~~^^^^
ConnectionRefusedError: [Errno 111] Connection refused

During handling of the above exception, another exception occurred:

Traceback (most recent call last):
  File "/usr/lib/python3.13/socketserver.py", line 697, in process_request_thread
    self.finish_request(request, client_address)
    ~~~~~~~~~~~~~~~~~~~^^^^^^^^^^^^^^^^^^^^^^^^^
  File "/usr/lib/python3.13/socketserver.py", line 362, in finish_request
    self.RequestHandlerClass(request, client_address, self)
    ~~~~~~~~~~~~~~~~~~~~~~~~^^^^^^^^^^^^^^^^^^^^^^^^^^^^^^^
  File "/dev/shm/mosdns-rust-client-ecs-20261002/proof/services.py", line 24, in __init__
    def __init__(self,*args,**kwargs):super().__init__(*args,directory=str(bundle),**kwargs)
                                      ~~~~~~~~~~~~~~~~^^^^^^^^^^^^^^^^^^^^^^^^^^^^^^^^^^^^^^
  File "/usr/lib/python3.13/http/server.py", line 672, in __init__
    super().__init__(*args, **kwargs)
    ~~~~~~~~~~~~~~~~^^^^^^^^^^^^^^^^^
  File "/usr/lib/python3.13/socketserver.py", line 766, in __init__
    self.handle()
    ~~~~~~~~~~~^^
----------------------------------------
  File "/usr/lib/python3.13/http/server.py", line 436, in handle
    self.handle_one_request()
    ~~~~~~~~~~~~~~~~~~~~~~~^^
  File "/usr/lib/python3.13/http/server.py", line 424, in handle_one_request
    method()
    ~~~~~~^^
Exception occurred during processing of request from ('127.0.0.1', 44674)
----------------------------------------
Exception occurred during processing of request from ('127.0.0.1', 44682)
Traceback (most recent call last):
  File "/usr/lib/python3.13/urllib/request.py", line 1319, in do_open
    h.request(req.get_method(), req.selector, req.data, headers,
    ~~~~~~~~~^^^^^^^^^^^^^^^^^^^^^^^^^^^^^^^^^^^^^^^^^^^^^^^^^^^
              encode_chunked=req.has_header('Transfer-encoding'))
              ^^^^^^^^^^^^^^^^^^^^^^^^^^^^^^^^^^^^^^^^^^^^^^^^^^^
  File "/usr/lib/python3.13/http/client.py", line 1367, in request
    self._send_request(method, url, body, headers, encode_chunked)
    ~~~~~~~~~~~~~~~~~~^^^^^^^^^^^^^^^^^^^^^^^^^^^^^^^^^^^^^^^^^^^^
  File "/usr/lib/python3.13/http/client.py", line 1413, in _send_request
    self.endheaders(body, encode_chunked=encode_chunked)
    ~~~~~~~~~~~~~~~^^^^^^^^^^^^^^^^^^^^^^^^^^^^^^^^^^^^^
  File "/usr/lib/python3.13/http/client.py", line 1362, in endheaders
    self._send_output(message_body, encode_chunked=encode_chunked)
    ~~~~~~~~~~~~~~~~~^^^^^^^^^^^^^^^^^^^^^^^^^^^^^^^^^^^^^^^^^^^^^
  File "/usr/lib/python3.13/http/client.py", line 1122, in _send_output
    self.send(msg)
    ~~~~~~~~~^^^^^
  File "/usr/lib/python3.13/http/client.py", line 1066, in send
    self.connect()
    ~~~~~~~~~~~~^^
  File "/usr/lib/python3.13/http/client.py", line 1032, in connect
    self.sock = self._create_connection(
                ~~~~~~~~~~~~~~~~~~~~~~~^
        (self.host,self.port), self.timeout, self.source_address)
        ^^^^^^^^^^^^^^^^^^^^^^^^^^^^^^^^^^^^^^^^^^^^^^^^^^^^^^^^^
  File "/usr/lib/python3.13/socket.py", line 864, in create_connection
    raise exceptions[0]
  File "/usr/lib/python3.13/socket.py", line 849, in create_connection
    sock.connect(sa)
    ~~~~~~~~~~~~^^^^
ConnectionRefusedError: [Errno 111] Connection refused

During handling of the above exception, another exception occurred:

Traceback (most recent call last):
  File "/usr/lib/python3.13/socketserver.py", line 697, in process_request_thread
    self.finish_request(request, client_address)
    ~~~~~~~~~~~~~~~~~~~^^^^^^^^^^^^^^^^^^^^^^^^^
  File "/usr/lib/python3.13/socketserver.py", line 362, in finish_request
    self.RequestHandlerClass(request, client_address, self)
    ~~~~~~~~~~~~~~~~~~~~~~~~^^^^^^^^^^^^^^^^^^^^^^^^^^^^^^^
  File "/dev/shm/mosdns-rust-client-ecs-20261002/proof/services.py", line 24, in __init__
    def __init__(self,*args,**kwargs):super().__init__(*args,directory=str(bundle),**kwargs)
                                      ~~~~~~~~~~~~~~~~^^^^^^^^^^^^^^^^^^^^^^^^^^^^^^^^^^^^^^
  File "/usr/lib/python3.13/http/server.py", line 672, in __init__
    super().__init__(*args, **kwargs)
    ~~~~~~~~~~~~~~~~^^^^^^^^^^^^^^^^^
  File "/usr/lib/python3.13/socketserver.py", line 766, in __init__
    self.handle()
    ~~~~~~~~~~~^^
  File "/usr/lib/python3.13/http/server.py", line 436, in handle
    self.handle_one_request()
    ~~~~~~~~~~~~~~~~~~~~~~~^^
  File "/usr/lib/python3.13/http/server.py", line 424, in handle_one_request
    method()
    ~~~~~~^^
  File "/dev/shm/mosdns-rust-client-ecs-20261002/proof/services.py", line 26, in do_GET
    if self.path.startswith(('/api/','/plugins/','/metrics')):self.proxy()
                                                              ~~~~~~~~~~^^
  File "/dev/shm/mosdns-rust-client-ecs-20261002/proof/services.py", line 32, in proxy
    try:response=urllib.request.urlopen(request)
                 ~~~~~~~~~~~~~~~~~~~~~~^^^^^^^^^
  File "/usr/lib/python3.13/urllib/request.py", line 189, in urlopen
    return opener.open(url, data, timeout)
           ~~~~~~~~~~~^^^^^^^^^^^^^^^^^^^^
  File "/usr/lib/python3.13/urllib/request.py", line 489, in open
    response = self._open(req, data)
  File "/usr/lib/python3.13/urllib/request.py", line 506, in _open
    result = self._call_chain(self.handle_open, protocol, protocol +
                              '_open', req)
  File "/usr/lib/python3.13/urllib/request.py", line 466, in _call_chain
    result = func(*args)
  File "/usr/lib/python3.13/urllib/request.py", line 1348, in http_open
    return self.do_open(http.client.HTTPConnection, req)
           ~~~~~~~~~~~~^^^^^^^^^^^^^^^^^^^^^^^^^^^^^^^^^
  File "/usr/lib/python3.13/urllib/request.py", line 1322, in do_open
    raise URLError(err)
urllib.error.URLError: <urlopen error [Errno 111] Connection refused>
----------------------------------------
  File "/dev/shm/mosdns-rust-client-ecs-20261002/proof/services.py", line 26, in do_GET
    if self.path.startswith(('/api/','/plugins/','/metrics')):self.proxy()
                                                              ~~~~~~~~~~^^
  File "/dev/shm/mosdns-rust-client-ecs-20261002/proof/services.py", line 32, in proxy
    try:response=urllib.request.urlopen(request)
                 ~~~~~~~~~~~~~~~~~~~~~~^^^^^^^^^
  File "/usr/lib/python3.13/urllib/request.py", line 189, in urlopen
    return opener.open(url, data, timeout)
           ~~~~~~~~~~~^^^^^^^^^^^^^^^^^^^^
  File "/usr/lib/python3.13/urllib/request.py", line 489, in open
    response = self._open(req, data)
  File "/usr/lib/python3.13/urllib/request.py", line 506, in _open
    result = self._call_chain(self.handle_open, protocol, protocol +
                              '_open', req)
  File "/usr/lib/python3.13/urllib/request.py", line 466, in _call_chain
    result = func(*args)
  File "/usr/lib/python3.13/urllib/request.py", line 1348, in http_open
    return self.do_open(http.client.HTTPConnection, req)
           ~~~~~~~~~~~~^^^^^^^^^^^^^^^^^^^^^^^^^^^^^^^^^
  File "/usr/lib/python3.13/urllib/request.py", line 1322, in do_open
    raise URLError(err)
urllib.error.URLError: <urlopen error [Errno 111] Connection refused>
Traceback (most recent call last):
----------------------------------------
  File "/usr/lib/python3.13/urllib/request.py", line 1319, in do_open
    h.request(req.get_method(), req.selector, req.data, headers,
    ~~~~~~~~~^^^^^^^^^^^^^^^^^^^^^^^^^^^^^^^^^^^^^^^^^^^^^^^^^^^
              encode_chunked=req.has_header('Transfer-encoding'))
              ^^^^^^^^^^^^^^^^^^^^^^^^^^^^^^^^^^^^^^^^^^^^^^^^^^^
----------------------------------------
Traceback (most recent call last):
Exception occurred during processing of request from ('127.0.0.1', 44694)
  File "/usr/lib/python3.13/http/client.py", line 1367, in request
    self._send_request(method, url, body, headers, encode_chunked)
    ~~~~~~~~~~~~~~~~~~^^^^^^^^^^^^^^^^^^^^^^^^^^^^^^^^^^^^^^^^^^^^
  File "/usr/lib/python3.13/http/client.py", line 1413, in _send_request
    self.endheaders(body, encode_chunked=encode_chunked)
    ~~~~~~~~~~~~~~~^^^^^^^^^^^^^^^^^^^^^^^^^^^^^^^^^^^^^
----------------------------------------
  File "/usr/lib/python3.13/urllib/request.py", line 1319, in do_open
    h.request(req.get_method(), req.selector, req.data, headers,
    ~~~~~~~~~^^^^^^^^^^^^^^^^^^^^^^^^^^^^^^^^^^^^^^^^^^^^^^^^^^^
              encode_chunked=req.has_header('Transfer-encoding'))
              ^^^^^^^^^^^^^^^^^^^^^^^^^^^^^^^^^^^^^^^^^^^^^^^^^^^
  File "/usr/lib/python3.13/http/client.py", line 1362, in endheaders
    self._send_output(message_body, encode_chunked=encode_chunked)
    ~~~~~~~~~~~~~~~~~^^^^^^^^^^^^^^^^^^^^^^^^^^^^^^^^^^^^^^^^^^^^^
  File "/usr/lib/python3.13/http/client.py", line 1122, in _send_output
    self.send(msg)
    ~~~~~~~~~^^^^^
  File "/usr/lib/python3.13/http/client.py", line 1066, in send
    self.connect()
    ~~~~~~~~~~~~^^
  File "/usr/lib/python3.13/http/client.py", line 1367, in request
    self._send_request(method, url, body, headers, encode_chunked)
    ~~~~~~~~~~~~~~~~~~^^^^^^^^^^^^^^^^^^^^^^^^^^^^^^^^^^^^^^^^^^^^
127.0.0.1 - - [02/Oct/2026 14:31:58] code 404, message File not found
Exception occurred during processing of request from ('127.0.0.1', 44700)
----------------------------------------
127.0.0.1 - - [02/Oct/2026 14:31:58] "GET /favicon.ico HTTP/1.1" 404 -
  File "/usr/lib/python3.13/http/client.py", line 1413, in _send_request
    self.endheaders(body, encode_chunked=encode_chunked)
    ~~~~~~~~~~~~~~~^^^^^^^^^^^^^^^^^^^^^^^^^^^^^^^^^^^^^
  File "/usr/lib/python3.13/http/client.py", line 1362, in endheaders
    self._send_output(message_body, encode_chunked=encode_chunked)
    ~~~~~~~~~~~~~~~~~^^^^^^^^^^^^^^^^^^^^^^^^^^^^^^^^^^^^^^^^^^^^^
Traceback (most recent call last):
Exception occurred during processing of request from ('127.0.0.1', 44706)
Traceback (most recent call last):
  File "/usr/lib/python3.13/http/client.py", line 1122, in _send_output
    self.send(msg)
    ~~~~~~~~~^^^^^
  File "/usr/lib/python3.13/http/client.py", line 1066, in send
    self.connect()
    ~~~~~~~~~~~~^^
  File "/usr/lib/python3.13/http/client.py", line 1032, in connect
    self.sock = self._create_connection(
                ~~~~~~~~~~~~~~~~~~~~~~~^
        (self.host,self.port), self.timeout, self.source_address)
        ^^^^^^^^^^^^^^^^^^^^^^^^^^^^^^^^^^^^^^^^^^^^^^^^^^^^^^^^^
  File "/usr/lib/python3.13/socket.py", line 864, in create_connection
    raise exceptions[0]
  File "/usr/lib/python3.13/urllib/request.py", line 1319, in do_open
    h.request(req.get_method(), req.selector, req.data, headers,
    ~~~~~~~~~^^^^^^^^^^^^^^^^^^^^^^^^^^^^^^^^^^^^^^^^^^^^^^^^^^^
              encode_chunked=req.has_header('Transfer-encoding'))
              ^^^^^^^^^^^^^^^^^^^^^^^^^^^^^^^^^^^^^^^^^^^^^^^^^^^
  File "/usr/lib/python3.13/urllib/request.py", line 1319, in do_open
    h.request(req.get_method(), req.selector, req.data, headers,
    ~~~~~~~~~^^^^^^^^^^^^^^^^^^^^^^^^^^^^^^^^^^^^^^^^^^^^^^^^^^^
              encode_chunked=req.has_header('Transfer-encoding'))
              ^^^^^^^^^^^^^^^^^^^^^^^^^^^^^^^^^^^^^^^^^^^^^^^^^^^
Traceback (most recent call last):
  File "/usr/lib/python3.13/http/client.py", line 1032, in connect
    self.sock = self._create_connection(
                ~~~~~~~~~~~~~~~~~~~~~~~^
        (self.host,self.port), self.timeout, self.source_address)
        ^^^^^^^^^^^^^^^^^^^^^^^^^^^^^^^^^^^^^^^^^^^^^^^^^^^^^^^^^
  File "/usr/lib/python3.13/http/client.py", line 1367, in request
    self._send_request(method, url, body, headers, encode_chunked)
    ~~~~~~~~~~~~~~~~~~^^^^^^^^^^^^^^^^^^^^^^^^^^^^^^^^^^^^^^^^^^^^
  File "/usr/lib/python3.13/http/client.py", line 1367, in request
    self._send_request(method, url, body, headers, encode_chunked)
    ~~~~~~~~~~~~~~~~~~^^^^^^^^^^^^^^^^^^^^^^^^^^^^^^^^^^^^^^^^^^^^
----------------------------------------
  File "/usr/lib/python3.13/socket.py", line 864, in create_connection
    raise exceptions[0]
  File "/usr/lib/python3.13/socket.py", line 849, in create_connection
    sock.connect(sa)
    ~~~~~~~~~~~~^^^^
ConnectionRefusedError: [Errno 111] Connection refused

During handling of the above exception, another exception occurred:

Traceback (most recent call last):
  File "/usr/lib/python3.13/http/client.py", line 1413, in _send_request
    self.endheaders(body, encode_chunked=encode_chunked)
    ~~~~~~~~~~~~~~~^^^^^^^^^^^^^^^^^^^^^^^^^^^^^^^^^^^^^
  File "/usr/lib/python3.13/socket.py", line 849, in create_connection
    sock.connect(sa)
    ~~~~~~~~~~~~^^^^
Exception occurred during processing of request from ('127.0.0.1', 44720)
  File "/usr/lib/python3.13/urllib/request.py", line 1319, in do_open
    h.request(req.get_method(), req.selector, req.data, headers,
    ~~~~~~~~~^^^^^^^^^^^^^^^^^^^^^^^^^^^^^^^^^^^^^^^^^^^^^^^^^^^
              encode_chunked=req.has_header('Transfer-encoding'))
              ^^^^^^^^^^^^^^^^^^^^^^^^^^^^^^^^^^^^^^^^^^^^^^^^^^^
  File "/usr/lib/python3.13/socketserver.py", line 697, in process_request_thread
    self.finish_request(request, client_address)
    ~~~~~~~~~~~~~~~~~~~^^^^^^^^^^^^^^^^^^^^^^^^^
  File "/usr/lib/python3.13/socketserver.py", line 362, in finish_request
    self.RequestHandlerClass(request, client_address, self)
    ~~~~~~~~~~~~~~~~~~~~~~~~^^^^^^^^^^^^^^^^^^^^^^^^^^^^^^^
  File "/usr/lib/python3.13/http/client.py", line 1367, in request
    self._send_request(method, url, body, headers, encode_chunked)
    ~~~~~~~~~~~~~~~~~~^^^^^^^^^^^^^^^^^^^^^^^^^^^^^^^^^^^^^^^^^^^^
ConnectionRefusedError: [Errno 111] Connection refused
  File "/usr/lib/python3.13/http/client.py", line 1362, in endheaders
    self._send_output(message_body, encode_chunked=encode_chunked)
    ~~~~~~~~~~~~~~~~~^^^^^^^^^^^^^^^^^^^^^^^^^^^^^^^^^^^^^^^^^^^^^
  File "/usr/lib/python3.13/http/client.py", line 1413, in _send_request
    self.endheaders(body, encode_chunked=encode_chunked)
    ~~~~~~~~~~~~~~~^^^^^^^^^^^^^^^^^^^^^^^^^^^^^^^^^^^^^
  File "/dev/shm/mosdns-rust-client-ecs-20261002/proof/services.py", line 24, in __init__
    def __init__(self,*args,**kwargs):super().__init__(*args,directory=str(bundle),**kwargs)
                                      ~~~~~~~~~~~~~~~~^^^^^^^^^^^^^^^^^^^^^^^^^^^^^^^^^^^^^^
  File "/usr/lib/python3.13/http/client.py", line 1413, in _send_request
    self.endheaders(body, encode_chunked=encode_chunked)
    ~~~~~~~~~~~~~~~^^^^^^^^^^^^^^^^^^^^^^^^^^^^^^^^^^^^^

During handling of the above exception, another exception occurred:

Traceback (most recent call last):
  File "/usr/lib/python3.13/http/client.py", line 1122, in _send_output
    self.send(msg)
    ~~~~~~~~~^^^^^
  File "/usr/lib/python3.13/http/client.py", line 1362, in endheaders
    self._send_output(message_body, encode_chunked=encode_chunked)
    ~~~~~~~~~~~~~~~~~^^^^^^^^^^^^^^^^^^^^^^^^^^^^^^^^^^^^^^^^^^^^^
  File "/usr/lib/python3.13/http/server.py", line 672, in __init__
    super().__init__(*args, **kwargs)
    ~~~~~~~~~~~~~~~~^^^^^^^^^^^^^^^^^
  File "/usr/lib/python3.13/http/client.py", line 1362, in endheaders
    self._send_output(message_body, encode_chunked=encode_chunked)
    ~~~~~~~~~~~~~~~~~^^^^^^^^^^^^^^^^^^^^^^^^^^^^^^^^^^^^^^^^^^^^^
  File "/usr/lib/python3.13/http/client.py", line 1122, in _send_output
    self.send(msg)
    ~~~~~~~~~^^^^^
  File "/usr/lib/python3.13/http/client.py", line 1066, in send
    self.connect()
    ~~~~~~~~~~~~^^
  File "/usr/lib/python3.13/http/client.py", line 1066, in send
    self.connect()
    ~~~~~~~~~~~~^^
Traceback (most recent call last):
  File "/usr/lib/python3.13/http/client.py", line 1032, in connect
    self.sock = self._create_connection(
                ~~~~~~~~~~~~~~~~~~~~~~~^
        (self.host,self.port), self.timeout, self.source_address)
        ^^^^^^^^^^^^^^^^^^^^^^^^^^^^^^^^^^^^^^^^^^^^^^^^^^^^^^^^^
  File "/usr/lib/python3.13/http/client.py", line 1122, in _send_output
    self.send(msg)
    ~~~~~~~~~^^^^^
  File "/usr/lib/python3.13/http/client.py", line 1066, in send
    self.connect()
    ~~~~~~~~~~~~^^
  File "/usr/lib/python3.13/socketserver.py", line 766, in __init__
    self.handle()
    ~~~~~~~~~~~^^
  File "/usr/lib/python3.13/http/server.py", line 436, in handle
    self.handle_one_request()
    ~~~~~~~~~~~~~~~~~~~~~~~^^
  File "/usr/lib/python3.13/http/server.py", line 424, in handle_one_request
    method()
    ~~~~~~^^
  File "/usr/lib/python3.13/urllib/request.py", line 1319, in do_open
    h.request(req.get_method(), req.selector, req.data, headers,
    ~~~~~~~~~^^^^^^^^^^^^^^^^^^^^^^^^^^^^^^^^^^^^^^^^^^^^^^^^^^^
              encode_chunked=req.has_header('Transfer-encoding'))
              ^^^^^^^^^^^^^^^^^^^^^^^^^^^^^^^^^^^^^^^^^^^^^^^^^^^
  File "/usr/lib/python3.13/http/client.py", line 1032, in connect
    self.sock = self._create_connection(
                ~~~~~~~~~~~~~~~~~~~~~~~^
        (self.host,self.port), self.timeout, self.source_address)
        ^^^^^^^^^^^^^^^^^^^^^^^^^^^^^^^^^^^^^^^^^^^^^^^^^^^^^^^^^
  File "/usr/lib/python3.13/socket.py", line 864, in create_connection
    raise exceptions[0]
  File "/dev/shm/mosdns-rust-client-ecs-20261002/proof/services.py", line 26, in do_GET
    if self.path.startswith(('/api/','/plugins/','/metrics')):self.proxy()
                                                              ~~~~~~~~~~^^
  File "/usr/lib/python3.13/socketserver.py", line 697, in process_request_thread
    self.finish_request(request, client_address)
    ~~~~~~~~~~~~~~~~~~~^^^^^^^^^^^^^^^^^^^^^^^^^
  File "/usr/lib/python3.13/socketserver.py", line 362, in finish_request
    self.RequestHandlerClass(request, client_address, self)
    ~~~~~~~~~~~~~~~~~~~~~~~~^^^^^^^^^^^^^^^^^^^^^^^^^^^^^^^
  File "/usr/lib/python3.13/http/client.py", line 1367, in request
    self._send_request(method, url, body, headers, encode_chunked)
    ~~~~~~~~~~~~~~~~~~^^^^^^^^^^^^^^^^^^^^^^^^^^^^^^^^^^^^^^^^^^^^
  File "/usr/lib/python3.13/socket.py", line 849, in create_connection
    sock.connect(sa)
    ~~~~~~~~~~~~^^^^
  File "/usr/lib/python3.13/socket.py", line 864, in create_connection
    raise exceptions[0]
  File "/usr/lib/python3.13/http/client.py", line 1032, in connect
    self.sock = self._create_connection(
                ~~~~~~~~~~~~~~~~~~~~~~~^
        (self.host,self.port), self.timeout, self.source_address)
        ^^^^^^^^^^^^^^^^^^^^^^^^^^^^^^^^^^^^^^^^^^^^^^^^^^^^^^^^^
  File "/usr/lib/python3.13/socket.py", line 864, in create_connection
    raise exceptions[0]
ConnectionRefusedError: [Errno 111] Connection refused
  File "/usr/lib/python3.13/http/client.py", line 1413, in _send_request
    self.endheaders(body, encode_chunked=encode_chunked)
    ~~~~~~~~~~~~~~~^^^^^^^^^^^^^^^^^^^^^^^^^^^^^^^^^^^^^
  File "/dev/shm/mosdns-rust-client-ecs-20261002/proof/services.py", line 32, in proxy
    try:response=urllib.request.urlopen(request)
                 ~~~~~~~~~~~~~~~~~~~~~~^^^^^^^^^
  File "/usr/lib/python3.13/http/client.py", line 1362, in endheaders
    self._send_output(message_body, encode_chunked=encode_chunked)
    ~~~~~~~~~~~~~~~~~^^^^^^^^^^^^^^^^^^^^^^^^^^^^^^^^^^^^^^^^^^^^^
  File "/usr/lib/python3.13/socket.py", line 849, in create_connection
    sock.connect(sa)
    ~~~~~~~~~~~~^^^^
  File "/usr/lib/python3.13/urllib/request.py", line 189, in urlopen
    return opener.open(url, data, timeout)
           ~~~~~~~~~~~^^^^^^^^^^^^^^^^^^^^
  File "/usr/lib/python3.13/urllib/request.py", line 489, in open
    response = self._open(req, data)
  File "/usr/lib/python3.13/urllib/request.py", line 506, in _open
    result = self._call_chain(self.handle_open, protocol, protocol +
                              '_open', req)
  File "/dev/shm/mosdns-rust-client-ecs-20261002/proof/services.py", line 24, in __init__
    def __init__(self,*args,**kwargs):super().__init__(*args,directory=str(bundle),**kwargs)
                                      ~~~~~~~~~~~~~~~~^^^^^^^^^^^^^^^^^^^^^^^^^^^^^^^^^^^^^^

During handling of the above exception, another exception occurred:

Traceback (most recent call last):
  File "/usr/lib/python3.13/socket.py", line 849, in create_connection
    sock.connect(sa)
    ~~~~~~~~~~~~^^^^
  File "/usr/lib/python3.13/http/server.py", line 672, in __init__
    super().__init__(*args, **kwargs)
    ~~~~~~~~~~~~~~~~^^^^^^^^^^^^^^^^^
  File "/usr/lib/python3.13/socketserver.py", line 766, in __init__
    self.handle()
    ~~~~~~~~~~~^^
  File "/usr/lib/python3.13/http/server.py", line 436, in handle
    self.handle_one_request()
    ~~~~~~~~~~~~~~~~~~~~~~~^^
  File "/usr/lib/python3.13/http/server.py", line 424, in handle_one_request
    method()
    ~~~~~~^^
  File "/usr/lib/python3.13/http/client.py", line 1122, in _send_output
    self.send(msg)
    ~~~~~~~~~^^^^^
ConnectionRefusedError: [Errno 111] Connection refused
  File "/dev/shm/mosdns-rust-client-ecs-20261002/proof/services.py", line 26, in do_GET
    if self.path.startswith(('/api/','/plugins/','/metrics')):self.proxy()
                                                              ~~~~~~~~~~^^
  File "/dev/shm/mosdns-rust-client-ecs-20261002/proof/services.py", line 32, in proxy
    try:response=urllib.request.urlopen(request)
                 ~~~~~~~~~~~~~~~~~~~~~~^^^^^^^^^
  File "/usr/lib/python3.13/urllib/request.py", line 189, in urlopen
    return opener.open(url, data, timeout)
           ~~~~~~~~~~~^^^^^^^^^^^^^^^^^^^^
ConnectionRefusedError: [Errno 111] Connection refused
  File "/usr/lib/python3.13/urllib/request.py", line 466, in _call_chain
    result = func(*args)
  File "/usr/lib/python3.13/socketserver.py", line 697, in process_request_thread
    self.finish_request(request, client_address)
    ~~~~~~~~~~~~~~~~~~~^^^^^^^^^^^^^^^^^^^^^^^^^
  File "/usr/lib/python3.13/urllib/request.py", line 489, in open
    response = self._open(req, data)
  File "/usr/lib/python3.13/urllib/request.py", line 506, in _open
    result = self._call_chain(self.handle_open, protocol, protocol +
                              '_open', req)
  File "/usr/lib/python3.13/http/client.py", line 1066, in send
    self.connect()
    ~~~~~~~~~~~~^^
  File "/usr/lib/python3.13/urllib/request.py", line 1348, in http_open
    return self.do_open(http.client.HTTPConnection, req)
           ~~~~~~~~~~~~^^^^^^^^^^^^^^^^^^^^^^^^^^^^^^^^^
  File "/usr/lib/python3.13/urllib/request.py", line 466, in _call_chain
    result = func(*args)
  File "/usr/lib/python3.13/urllib/request.py", line 1348, in http_open
    return self.do_open(http.client.HTTPConnection, req)
           ~~~~~~~~~~~~^^^^^^^^^^^^^^^^^^^^^^^^^^^^^^^^^

During handling of the above exception, another exception occurred:

  File "/usr/lib/python3.13/urllib/request.py", line 1322, in do_open
    raise URLError(err)
  File "/usr/lib/python3.13/socketserver.py", line 362, in finish_request
    self.RequestHandlerClass(request, client_address, self)
    ~~~~~~~~~~~~~~~~~~~~~~~~^^^^^^^^^^^^^^^^^^^^^^^^^^^^^^^

During handling of the above exception, another exception occurred:

urllib.error.URLError: <urlopen error [Errno 111] Connection refused>
  File "/usr/lib/python3.13/http/client.py", line 1032, in connect
    self.sock = self._create_connection(
                ~~~~~~~~~~~~~~~~~~~~~~~^
        (self.host,self.port), self.timeout, self.source_address)
        ^^^^^^^^^^^^^^^^^^^^^^^^^^^^^^^^^^^^^^^^^^^^^^^^^^^^^^^^^
  File "/usr/lib/python3.13/urllib/request.py", line 1322, in do_open
    raise URLError(err)
Traceback (most recent call last):
----------------------------------------
Traceback (most recent call last):
  File "/dev/shm/mosdns-rust-client-ecs-20261002/proof/services.py", line 24, in __init__
    def __init__(self,*args,**kwargs):super().__init__(*args,directory=str(bundle),**kwargs)
                                      ~~~~~~~~~~~~~~~~^^^^^^^^^^^^^^^^^^^^^^^^^^^^^^^^^^^^^^
urllib.error.URLError: <urlopen error [Errno 111] Connection refused>
  File "/usr/lib/python3.13/socketserver.py", line 697, in process_request_thread
    self.finish_request(request, client_address)
    ~~~~~~~~~~~~~~~~~~~^^^^^^^^^^^^^^^^^^^^^^^^^
  File "/usr/lib/python3.13/socketserver.py", line 697, in process_request_thread
    self.finish_request(request, client_address)
    ~~~~~~~~~~~~~~~~~~~^^^^^^^^^^^^^^^^^^^^^^^^^
  File "/usr/lib/python3.13/socket.py", line 864, in create_connection
    raise exceptions[0]
----------------------------------------
  File "/usr/lib/python3.13/socketserver.py", line 362, in finish_request
    self.RequestHandlerClass(request, client_address, self)
    ~~~~~~~~~~~~~~~~~~~~~~~~^^^^^^^^^^^^^^^^^^^^^^^^^^^^^^^
  File "/usr/lib/python3.13/http/server.py", line 672, in __init__
    super().__init__(*args, **kwargs)
    ~~~~~~~~~~~~~~~~^^^^^^^^^^^^^^^^^
  File "/usr/lib/python3.13/socketserver.py", line 766, in __init__
    self.handle()
    ~~~~~~~~~~~^^
  File "/usr/lib/python3.13/socketserver.py", line 362, in finish_request
    self.RequestHandlerClass(request, client_address, self)
    ~~~~~~~~~~~~~~~~~~~~~~~~^^^^^^^^^^^^^^^^^^^^^^^^^^^^^^^
  File "/dev/shm/mosdns-rust-client-ecs-20261002/proof/services.py", line 24, in __init__
    def __init__(self,*args,**kwargs):super().__init__(*args,directory=str(bundle),**kwargs)
                                      ~~~~~~~~~~~~~~~~^^^^^^^^^^^^^^^^^^^^^^^^^^^^^^^^^^^^^^
----------------------------------------
Exception occurred during processing of request from ('127.0.0.1', 44722)
  File "/usr/lib/python3.13/http/server.py", line 436, in handle
    self.handle_one_request()
    ~~~~~~~~~~~~~~~~~~~~~~~^^
  File "/dev/shm/mosdns-rust-client-ecs-20261002/proof/services.py", line 24, in __init__
    def __init__(self,*args,**kwargs):super().__init__(*args,directory=str(bundle),**kwargs)
                                      ~~~~~~~~~~~~~~~~^^^^^^^^^^^^^^^^^^^^^^^^^^^^^^^^^^^^^^
  File "/usr/lib/python3.13/http/server.py", line 672, in __init__
    super().__init__(*args, **kwargs)
    ~~~~~~~~~~~~~~~~^^^^^^^^^^^^^^^^^
  File "/usr/lib/python3.13/socketserver.py", line 766, in __init__
    self.handle()
    ~~~~~~~~~~~^^
  File "/usr/lib/python3.13/http/server.py", line 436, in handle
    self.handle_one_request()
    ~~~~~~~~~~~~~~~~~~~~~~~^^
  File "/usr/lib/python3.13/http/server.py", line 424, in handle_one_request
    method()
    ~~~~~~^^
  File "/usr/lib/python3.13/socket.py", line 849, in create_connection
    sock.connect(sa)
    ~~~~~~~~~~~~^^^^
  File "/dev/shm/mosdns-rust-client-ecs-20261002/proof/services.py", line 26, in do_GET
    if self.path.startswith(('/api/','/plugins/','/metrics')):self.proxy()
                                                              ~~~~~~~~~~^^
  File "/dev/shm/mosdns-rust-client-ecs-20261002/proof/services.py", line 32, in proxy
    try:response=urllib.request.urlopen(request)
                 ~~~~~~~~~~~~~~~~~~~~~~^^^^^^^^^
  File "/usr/lib/python3.13/http/server.py", line 424, in handle_one_request
    method()
    ~~~~~~^^
  File "/usr/lib/python3.13/http/server.py", line 672, in __init__
    super().__init__(*args, **kwargs)
    ~~~~~~~~~~~~~~~~^^^^^^^^^^^^^^^^^
ConnectionRefusedError: [Errno 111] Connection refused
  File "/usr/lib/python3.13/urllib/request.py", line 189, in urlopen
    return opener.open(url, data, timeout)
           ~~~~~~~~~~~^^^^^^^^^^^^^^^^^^^^
  File "/usr/lib/python3.13/urllib/request.py", line 489, in open
    response = self._open(req, data)
  File "/dev/shm/mosdns-rust-client-ecs-20261002/proof/services.py", line 26, in do_GET
    if self.path.startswith(('/api/','/plugins/','/metrics')):self.proxy()
                                                              ~~~~~~~~~~^^

During handling of the above exception, another exception occurred:

  File "/usr/lib/python3.13/socketserver.py", line 766, in __init__
    self.handle()
    ~~~~~~~~~~~^^
  File "/dev/shm/mosdns-rust-client-ecs-20261002/proof/services.py", line 32, in proxy
    try:response=urllib.request.urlopen(request)
                 ~~~~~~~~~~~~~~~~~~~~~~^^^^^^^^^
Traceback (most recent call last):
Traceback (most recent call last):
  File "/usr/lib/python3.13/urllib/request.py", line 189, in urlopen
    return opener.open(url, data, timeout)
           ~~~~~~~~~~~^^^^^^^^^^^^^^^^^^^^
  File "/usr/lib/python3.13/urllib/request.py", line 489, in open
    response = self._open(req, data)
  File "/usr/lib/python3.13/urllib/request.py", line 1319, in do_open
    h.request(req.get_method(), req.selector, req.data, headers,
    ~~~~~~~~~^^^^^^^^^^^^^^^^^^^^^^^^^^^^^^^^^^^^^^^^^^^^^^^^^^^
              encode_chunked=req.has_header('Transfer-encoding'))
              ^^^^^^^^^^^^^^^^^^^^^^^^^^^^^^^^^^^^^^^^^^^^^^^^^^^
  File "/usr/lib/python3.13/http/server.py", line 436, in handle
    self.handle_one_request()
    ~~~~~~~~~~~~~~~~~~~~~~~^^
  File "/usr/lib/python3.13/socketserver.py", line 697, in process_request_thread
    self.finish_request(request, client_address)
    ~~~~~~~~~~~~~~~~~~~^^^^^^^^^^^^^^^^^^^^^^^^^
  File "/usr/lib/python3.13/http/client.py", line 1367, in request
    self._send_request(method, url, body, headers, encode_chunked)
    ~~~~~~~~~~~~~~~~~~^^^^^^^^^^^^^^^^^^^^^^^^^^^^^^^^^^^^^^^^^^^^
  File "/usr/lib/python3.13/urllib/request.py", line 506, in _open
    result = self._call_chain(self.handle_open, protocol, protocol +
                              '_open', req)
  File "/usr/lib/python3.13/http/server.py", line 424, in handle_one_request
    method()
    ~~~~~~^^
  File "/usr/lib/python3.13/socketserver.py", line 362, in finish_request
    self.RequestHandlerClass(request, client_address, self)
    ~~~~~~~~~~~~~~~~~~~~~~~~^^^^^^^^^^^^^^^^^^^^^^^^^^^^^^^
  File "/usr/lib/python3.13/http/client.py", line 1413, in _send_request
    self.endheaders(body, encode_chunked=encode_chunked)
    ~~~~~~~~~~~~~~~^^^^^^^^^^^^^^^^^^^^^^^^^^^^^^^^^^^^^
  File "/usr/lib/python3.13/urllib/request.py", line 506, in _open
    result = self._call_chain(self.handle_open, protocol, protocol +
                              '_open', req)
  File "/usr/lib/python3.13/urllib/request.py", line 466, in _call_chain
    result = func(*args)
  File "/dev/shm/mosdns-rust-client-ecs-20261002/proof/services.py", line 26, in do_GET
    if self.path.startswith(('/api/','/plugins/','/metrics')):self.proxy()
                                                              ~~~~~~~~~~^^
  File "/dev/shm/mosdns-rust-client-ecs-20261002/proof/services.py", line 24, in __init__
    def __init__(self,*args,**kwargs):super().__init__(*args,directory=str(bundle),**kwargs)
                                      ~~~~~~~~~~~~~~~~^^^^^^^^^^^^^^^^^^^^^^^^^^^^^^^^^^^^^^
  File "/usr/lib/python3.13/http/client.py", line 1362, in endheaders
    self._send_output(message_body, encode_chunked=encode_chunked)
    ~~~~~~~~~~~~~~~~~^^^^^^^^^^^^^^^^^^^^^^^^^^^^^^^^^^^^^^^^^^^^^
  File "/usr/lib/python3.13/urllib/request.py", line 466, in _call_chain
    result = func(*args)
  File "/usr/lib/python3.13/urllib/request.py", line 1348, in http_open
    return self.do_open(http.client.HTTPConnection, req)
           ~~~~~~~~~~~~^^^^^^^^^^^^^^^^^^^^^^^^^^^^^^^^^
  File "/dev/shm/mosdns-rust-client-ecs-20261002/proof/services.py", line 32, in proxy
    try:response=urllib.request.urlopen(request)
                 ~~~~~~~~~~~~~~~~~~~~~~^^^^^^^^^
  File "/usr/lib/python3.13/http/server.py", line 672, in __init__
    super().__init__(*args, **kwargs)
    ~~~~~~~~~~~~~~~~^^^^^^^^^^^^^^^^^
  File "/usr/lib/python3.13/http/client.py", line 1122, in _send_output
    self.send(msg)
    ~~~~~~~~~^^^^^
  File "/usr/lib/python3.13/urllib/request.py", line 1348, in http_open
    return self.do_open(http.client.HTTPConnection, req)
           ~~~~~~~~~~~~^^^^^^^^^^^^^^^^^^^^^^^^^^^^^^^^^
  File "/usr/lib/python3.13/urllib/request.py", line 1322, in do_open
    raise URLError(err)
  File "/usr/lib/python3.13/http/client.py", line 1066, in send
    self.connect()
    ~~~~~~~~~~~~^^
  File "/usr/lib/python3.13/socketserver.py", line 766, in __init__
    self.handle()
    ~~~~~~~~~~~^^
  File "/usr/lib/python3.13/urllib/request.py", line 189, in urlopen
    return opener.open(url, data, timeout)
           ~~~~~~~~~~~^^^^^^^^^^^^^^^^^^^^
  File "/usr/lib/python3.13/urllib/request.py", line 489, in open
    response = self._open(req, data)
  File "/usr/lib/python3.13/urllib/request.py", line 1322, in do_open
    raise URLError(err)
urllib.error.URLError: <urlopen error [Errno 111] Connection refused>
  File "/usr/lib/python3.13/http/server.py", line 436, in handle
    self.handle_one_request()
    ~~~~~~~~~~~~~~~~~~~~~~~^^
----------------------------------------
  File "/usr/lib/python3.13/urllib/request.py", line 506, in _open
    result = self._call_chain(self.handle_open, protocol, protocol +
                              '_open', req)
  File "/usr/lib/python3.13/urllib/request.py", line 466, in _call_chain
    result = func(*args)
  File "/usr/lib/python3.13/urllib/request.py", line 1348, in http_open
    return self.do_open(http.client.HTTPConnection, req)
           ~~~~~~~~~~~~^^^^^^^^^^^^^^^^^^^^^^^^^^^^^^^^^
  File "/usr/lib/python3.13/urllib/request.py", line 1322, in do_open
    raise URLError(err)
urllib.error.URLError: <urlopen error [Errno 111] Connection refused>
----------------------------------------
  File "/usr/lib/python3.13/http/client.py", line 1032, in connect
    self.sock = self._create_connection(
                ~~~~~~~~~~~~~~~~~~~~~~~^
        (self.host,self.port), self.timeout, self.source_address)
        ^^^^^^^^^^^^^^^^^^^^^^^^^^^^^^^^^^^^^^^^^^^^^^^^^^^^^^^^^
  File "/usr/lib/python3.13/http/server.py", line 424, in handle_one_request
    method()
    ~~~~~~^^
  File "/dev/shm/mosdns-rust-client-ecs-20261002/proof/services.py", line 26, in do_GET
    if self.path.startswith(('/api/','/plugins/','/metrics')):self.proxy()
                                                              ~~~~~~~~~~^^
  File "/dev/shm/mosdns-rust-client-ecs-20261002/proof/services.py", line 32, in proxy
    try:response=urllib.request.urlopen(request)
                 ~~~~~~~~~~~~~~~~~~~~~~^^^^^^^^^
  File "/usr/lib/python3.13/urllib/request.py", line 189, in urlopen
    return opener.open(url, data, timeout)
           ~~~~~~~~~~~^^^^^^^^^^^^^^^^^^^^
  File "/usr/lib/python3.13/urllib/request.py", line 489, in open
    response = self._open(req, data)
  File "/usr/lib/python3.13/urllib/request.py", line 506, in _open
    result = self._call_chain(self.handle_open, protocol, protocol +
                              '_open', req)
  File "/usr/lib/python3.13/urllib/request.py", line 466, in _call_chain
    result = func(*args)
  File "/usr/lib/python3.13/urllib/request.py", line 1348, in http_open
    return self.do_open(http.client.HTTPConnection, req)
           ~~~~~~~~~~~~^^^^^^^^^^^^^^^^^^^^^^^^^^^^^^^^^
  File "/usr/lib/python3.13/urllib/request.py", line 1322, in do_open
    raise URLError(err)
urllib.error.URLError: <urlopen error [Errno 111] Connection refused>
----------------------------------------
urllib.error.URLError: <urlopen error [Errno 111] Connection refused>
----------------------------------------
  File "/usr/lib/python3.13/socket.py", line 864, in create_connection
    raise exceptions[0]
  File "/usr/lib/python3.13/socket.py", line 849, in create_connection
    sock.connect(sa)
    ~~~~~~~~~~~~^^^^
ConnectionRefusedError: [Errno 111] Connection refused

During handling of the above exception, another exception occurred:

Traceback (most recent call last):
  File "/usr/lib/python3.13/socketserver.py", line 697, in process_request_thread
    self.finish_request(request, client_address)
    ~~~~~~~~~~~~~~~~~~~^^^^^^^^^^^^^^^^^^^^^^^^^
  File "/usr/lib/python3.13/socketserver.py", line 362, in finish_request
    self.RequestHandlerClass(request, client_address, self)
    ~~~~~~~~~~~~~~~~~~~~~~~~^^^^^^^^^^^^^^^^^^^^^^^^^^^^^^^
  File "/dev/shm/mosdns-rust-client-ecs-20261002/proof/services.py", line 24, in __init__
    def __init__(self,*args,**kwargs):super().__init__(*args,directory=str(bundle),**kwargs)
                                      ~~~~~~~~~~~~~~~~^^^^^^^^^^^^^^^^^^^^^^^^^^^^^^^^^^^^^^
  File "/usr/lib/python3.13/http/server.py", line 672, in __init__
    super().__init__(*args, **kwargs)
    ~~~~~~~~~~~~~~~~^^^^^^^^^^^^^^^^^
  File "/usr/lib/python3.13/socketserver.py", line 766, in __init__
    self.handle()
    ~~~~~~~~~~~^^
  File "/usr/lib/python3.13/http/server.py", line 436, in handle
    self.handle_one_request()
    ~~~~~~~~~~~~~~~~~~~~~~~^^
  File "/usr/lib/python3.13/http/server.py", line 424, in handle_one_request
    method()
    ~~~~~~^^
  File "/dev/shm/mosdns-rust-client-ecs-20261002/proof/services.py", line 26, in do_GET
    if self.path.startswith(('/api/','/plugins/','/metrics')):self.proxy()
                                                              ~~~~~~~~~~^^
  File "/dev/shm/mosdns-rust-client-ecs-20261002/proof/services.py", line 32, in proxy
    try:response=urllib.request.urlopen(request)
                 ~~~~~~~~~~~~~~~~~~~~~~^^^^^^^^^
  File "/usr/lib/python3.13/urllib/request.py", line 189, in urlopen
    return opener.open(url, data, timeout)
           ~~~~~~~~~~~^^^^^^^^^^^^^^^^^^^^
  File "/usr/lib/python3.13/urllib/request.py", line 489, in open
    response = self._open(req, data)
  File "/usr/lib/python3.13/urllib/request.py", line 506, in _open
    result = self._call_chain(self.handle_open, protocol, protocol +
                              '_open', req)
  File "/usr/lib/python3.13/urllib/request.py", line 466, in _call_chain
    result = func(*args)
  File "/usr/lib/python3.13/urllib/request.py", line 1348, in http_open
    return self.do_open(http.client.HTTPConnection, req)
           ~~~~~~~~~~~~^^^^^^^^^^^^^^^^^^^^^^^^^^^^^^^^^
  File "/usr/lib/python3.13/urllib/request.py", line 1322, in do_open
    raise URLError(err)
urllib.error.URLError: <urlopen error [Errno 111] Connection refused>
----------------------------------------
----------------------------------------
Exception occurred during processing of request from ('127.0.0.1', 44738)
Traceback (most recent call last):
  File "/usr/lib/python3.13/urllib/request.py", line 1319, in do_open
    h.request(req.get_method(), req.selector, req.data, headers,
    ~~~~~~~~~^^^^^^^^^^^^^^^^^^^^^^^^^^^^^^^^^^^^^^^^^^^^^^^^^^^
              encode_chunked=req.has_header('Transfer-encoding'))
              ^^^^^^^^^^^^^^^^^^^^^^^^^^^^^^^^^^^^^^^^^^^^^^^^^^^
  File "/usr/lib/python3.13/http/client.py", line 1367, in request
    self._send_request(method, url, body, headers, encode_chunked)
    ~~~~~~~~~~~~~~~~~~^^^^^^^^^^^^^^^^^^^^^^^^^^^^^^^^^^^^^^^^^^^^
  File "/usr/lib/python3.13/http/client.py", line 1413, in _send_request
    self.endheaders(body, encode_chunked=encode_chunked)
    ~~~~~~~~~~~~~~~^^^^^^^^^^^^^^^^^^^^^^^^^^^^^^^^^^^^^
  File "/usr/lib/python3.13/http/client.py", line 1362, in endheaders
    self._send_output(message_body, encode_chunked=encode_chunked)
    ~~~~~~~~~~~~~~~~~^^^^^^^^^^^^^^^^^^^^^^^^^^^^^^^^^^^^^^^^^^^^^
  File "/usr/lib/python3.13/http/client.py", line 1122, in _send_output
    self.send(msg)
    ~~~~~~~~~^^^^^
  File "/usr/lib/python3.13/http/client.py", line 1066, in send
    self.connect()
    ~~~~~~~~~~~~^^
  File "/usr/lib/python3.13/http/client.py", line 1032, in connect
    self.sock = self._create_connection(
                ~~~~~~~~~~~~~~~~~~~~~~~^
        (self.host,self.port), self.timeout, self.source_address)
        ^^^^^^^^^^^^^^^^^^^^^^^^^^^^^^^^^^^^^^^^^^^^^^^^^^^^^^^^^
  File "/usr/lib/python3.13/socket.py", line 864, in create_connection
    raise exceptions[0]
  File "/usr/lib/python3.13/socket.py", line 849, in create_connection
    sock.connect(sa)
    ~~~~~~~~~~~~^^^^
ConnectionRefusedError: [Errno 111] Connection refused

During handling of the above exception, another exception occurred:

Traceback (most recent call last):
  File "/usr/lib/python3.13/socketserver.py", line 697, in process_request_thread
    self.finish_request(request, client_address)
    ~~~~~~~~~~~~~~~~~~~^^^^^^^^^^^^^^^^^^^^^^^^^
  File "/usr/lib/python3.13/socketserver.py", line 362, in finish_request
    self.RequestHandlerClass(request, client_address, self)
    ~~~~~~~~~~~~~~~~~~~~~~~~^^^^^^^^^^^^^^^^^^^^^^^^^^^^^^^
  File "/dev/shm/mosdns-rust-client-ecs-20261002/proof/services.py", line 24, in __init__
    def __init__(self,*args,**kwargs):super().__init__(*args,directory=str(bundle),**kwargs)
                                      ~~~~~~~~~~~~~~~~^^^^^^^^^^^^^^^^^^^^^^^^^^^^^^^^^^^^^^
  File "/usr/lib/python3.13/http/server.py", line 672, in __init__
    super().__init__(*args, **kwargs)
    ~~~~~~~~~~~~~~~~^^^^^^^^^^^^^^^^^
  File "/usr/lib/python3.13/socketserver.py", line 766, in __init__
    self.handle()
    ~~~~~~~~~~~^^
  File "/usr/lib/python3.13/http/server.py", line 436, in handle
    self.handle_one_request()
    ~~~~~~~~~~~~~~~~~~~~~~~^^
  File "/usr/lib/python3.13/http/server.py", line 424, in handle_one_request
    method()
    ~~~~~~^^
  File "/dev/shm/mosdns-rust-client-ecs-20261002/proof/services.py", line 26, in do_GET
    if self.path.startswith(('/api/','/plugins/','/metrics')):self.proxy()
                                                              ~~~~~~~~~~^^
  File "/dev/shm/mosdns-rust-client-ecs-20261002/proof/services.py", line 32, in proxy
    try:response=urllib.request.urlopen(request)
                 ~~~~~~~~~~~~~~~~~~~~~~^^^^^^^^^
  File "/usr/lib/python3.13/urllib/request.py", line 189, in urlopen
    return opener.open(url, data, timeout)
           ~~~~~~~~~~~^^^^^^^^^^^^^^^^^^^^
  File "/usr/lib/python3.13/urllib/request.py", line 489, in open
    response = self._open(req, data)
  File "/usr/lib/python3.13/urllib/request.py", line 506, in _open
    result = self._call_chain(self.handle_open, protocol, protocol +
                              '_open', req)
  File "/usr/lib/python3.13/urllib/request.py", line 466, in _call_chain
    result = func(*args)
  File "/usr/lib/python3.13/urllib/request.py", line 1348, in http_open
    return self.do_open(http.client.HTTPConnection, req)
           ~~~~~~~~~~~~^^^^^^^^^^^^^^^^^^^^^^^^^^^^^^^^^
  File "/usr/lib/python3.13/urllib/request.py", line 1322, in do_open
    raise URLError(err)
urllib.error.URLError: <urlopen error [Errno 111] Connection refused>
----------------------------------------
----------------------------------------
Exception occurred during processing of request from ('127.0.0.1', 44744)
Traceback (most recent call last):
  File "/usr/lib/python3.13/urllib/request.py", line 1319, in do_open
    h.request(req.get_method(), req.selector, req.data, headers,
    ~~~~~~~~~^^^^^^^^^^^^^^^^^^^^^^^^^^^^^^^^^^^^^^^^^^^^^^^^^^^
              encode_chunked=req.has_header('Transfer-encoding'))
              ^^^^^^^^^^^^^^^^^^^^^^^^^^^^^^^^^^^^^^^^^^^^^^^^^^^
  File "/usr/lib/python3.13/http/client.py", line 1367, in request
    self._send_request(method, url, body, headers, encode_chunked)
    ~~~~~~~~~~~~~~~~~~^^^^^^^^^^^^^^^^^^^^^^^^^^^^^^^^^^^^^^^^^^^^
  File "/usr/lib/python3.13/http/client.py", line 1413, in _send_request
    self.endheaders(body, encode_chunked=encode_chunked)
    ~~~~~~~~~~~~~~~^^^^^^^^^^^^^^^^^^^^^^^^^^^^^^^^^^^^^
  File "/usr/lib/python3.13/http/client.py", line 1362, in endheaders
    self._send_output(message_body, encode_chunked=encode_chunked)
    ~~~~~~~~~~~~~~~~~^^^^^^^^^^^^^^^^^^^^^^^^^^^^^^^^^^^^^^^^^^^^^
  File "/usr/lib/python3.13/http/client.py", line 1122, in _send_output
    self.send(msg)
    ~~~~~~~~~^^^^^
  File "/usr/lib/python3.13/http/client.py", line 1066, in send
    self.connect()
    ~~~~~~~~~~~~^^
  File "/usr/lib/python3.13/http/client.py", line 1032, in connect
    self.sock = self._create_connection(
                ~~~~~~~~~~~~~~~~~~~~~~~^
        (self.host,self.port), self.timeout, self.source_address)
        ^^^^^^^^^^^^^^^^^^^^^^^^^^^^^^^^^^^^^^^^^^^^^^^^^^^^^^^^^
  File "/usr/lib/python3.13/socket.py", line 864, in create_connection
    raise exceptions[0]
  File "/usr/lib/python3.13/socket.py", line 849, in create_connection
    sock.connect(sa)
    ~~~~~~~~~~~~^^^^
ConnectionRefusedError: [Errno 111] Connection refused

During handling of the above exception, another exception occurred:

Traceback (most recent call last):
  File "/usr/lib/python3.13/socketserver.py", line 697, in process_request_thread
    self.finish_request(request, client_address)
    ~~~~~~~~~~~~~~~~~~~^^^^^^^^^^^^^^^^^^^^^^^^^
  File "/usr/lib/python3.13/socketserver.py", line 362, in finish_request
    self.RequestHandlerClass(request, client_address, self)
    ~~~~~~~~~~~~~~~~~~~~~~~~^^^^^^^^^^^^^^^^^^^^^^^^^^^^^^^
  File "/dev/shm/mosdns-rust-client-ecs-20261002/proof/services.py", line 24, in __init__
    def __init__(self,*args,**kwargs):super().__init__(*args,directory=str(bundle),**kwargs)
                                      ~~~~~~~~~~~~~~~~^^^^^^^^^^^^^^^^^^^^^^^^^^^^^^^^^^^^^^
  File "/usr/lib/python3.13/http/server.py", line 672, in __init__
    super().__init__(*args, **kwargs)
    ~~~~~~~~~~~~~~~~^^^^^^^^^^^^^^^^^
  File "/usr/lib/python3.13/socketserver.py", line 766, in __init__
    self.handle()
    ~~~~~~~~~~~^^
  File "/usr/lib/python3.13/http/server.py", line 436, in handle
    self.handle_one_request()
    ~~~~~~~~~~~~~~~~~~~~~~~^^
  File "/usr/lib/python3.13/http/server.py", line 424, in handle_one_request
    method()
    ~~~~~~^^
  File "/dev/shm/mosdns-rust-client-ecs-20261002/proof/services.py", line 26, in do_GET
    if self.path.startswith(('/api/','/plugins/','/metrics')):self.proxy()
                                                              ~~~~~~~~~~^^
  File "/dev/shm/mosdns-rust-client-ecs-20261002/proof/services.py", line 32, in proxy
    try:response=urllib.request.urlopen(request)
                 ~~~~~~~~~~~~~~~~~~~~~~^^^^^^^^^
  File "/usr/lib/python3.13/urllib/request.py", line 189, in urlopen
    return opener.open(url, data, timeout)
           ~~~~~~~~~~~^^^^^^^^^^^^^^^^^^^^
  File "/usr/lib/python3.13/urllib/request.py", line 489, in open
    response = self._open(req, data)
  File "/usr/lib/python3.13/urllib/request.py", line 506, in _open
    result = self._call_chain(self.handle_open, protocol, protocol +
                              '_open', req)
  File "/usr/lib/python3.13/urllib/request.py", line 466, in _call_chain
    result = func(*args)
  File "/usr/lib/python3.13/urllib/request.py", line 1348, in http_open
    return self.do_open(http.client.HTTPConnection, req)
           ~~~~~~~~~~~~^^^^^^^^^^^^^^^^^^^^^^^^^^^^^^^^^
  File "/usr/lib/python3.13/urllib/request.py", line 1322, in do_open
    raise URLError(err)
urllib.error.URLError: <urlopen error [Errno 111] Connection refused>
----------------------------------------
----------------------------------------
Exception occurred during processing of request from ('127.0.0.1', 44748)
----------------------------------------
Exception occurred during processing of request from ('127.0.0.1', 44764)
Traceback (most recent call last):
Traceback (most recent call last):
----------------------------------------
----------------------------------------
  File "/usr/lib/python3.13/urllib/request.py", line 1319, in do_open
    h.request(req.get_method(), req.selector, req.data, headers,
    ~~~~~~~~~^^^^^^^^^^^^^^^^^^^^^^^^^^^^^^^^^^^^^^^^^^^^^^^^^^^
              encode_chunked=req.has_header('Transfer-encoding'))
              ^^^^^^^^^^^^^^^^^^^^^^^^^^^^^^^^^^^^^^^^^^^^^^^^^^^
  File "/usr/lib/python3.13/urllib/request.py", line 1319, in do_open
    h.request(req.get_method(), req.selector, req.data, headers,
    ~~~~~~~~~^^^^^^^^^^^^^^^^^^^^^^^^^^^^^^^^^^^^^^^^^^^^^^^^^^^
              encode_chunked=req.has_header('Transfer-encoding'))
              ^^^^^^^^^^^^^^^^^^^^^^^^^^^^^^^^^^^^^^^^^^^^^^^^^^^
Exception occurred during processing of request from ('127.0.0.1', 44770)
Exception occurred during processing of request from ('127.0.0.1', 44774)
  File "/usr/lib/python3.13/http/client.py", line 1367, in request
    self._send_request(method, url, body, headers, encode_chunked)
    ~~~~~~~~~~~~~~~~~~^^^^^^^^^^^^^^^^^^^^^^^^^^^^^^^^^^^^^^^^^^^^
Traceback (most recent call last):
  File "/usr/lib/python3.13/http/client.py", line 1413, in _send_request
    self.endheaders(body, encode_chunked=encode_chunked)
    ~~~~~~~~~~~~~~~^^^^^^^^^^^^^^^^^^^^^^^^^^^^^^^^^^^^^
  File "/usr/lib/python3.13/urllib/request.py", line 1319, in do_open
    h.request(req.get_method(), req.selector, req.data, headers,
    ~~~~~~~~~^^^^^^^^^^^^^^^^^^^^^^^^^^^^^^^^^^^^^^^^^^^^^^^^^^^
              encode_chunked=req.has_header('Transfer-encoding'))
              ^^^^^^^^^^^^^^^^^^^^^^^^^^^^^^^^^^^^^^^^^^^^^^^^^^^
  File "/usr/lib/python3.13/http/client.py", line 1367, in request
    self._send_request(method, url, body, headers, encode_chunked)
    ~~~~~~~~~~~~~~~~~~^^^^^^^^^^^^^^^^^^^^^^^^^^^^^^^^^^^^^^^^^^^^
  File "/usr/lib/python3.13/http/client.py", line 1413, in _send_request
    self.endheaders(body, encode_chunked=encode_chunked)
    ~~~~~~~~~~~~~~~^^^^^^^^^^^^^^^^^^^^^^^^^^^^^^^^^^^^^
  File "/usr/lib/python3.13/http/client.py", line 1367, in request
    self._send_request(method, url, body, headers, encode_chunked)
    ~~~~~~~~~~~~~~~~~~^^^^^^^^^^^^^^^^^^^^^^^^^^^^^^^^^^^^^^^^^^^^
Traceback (most recent call last):
  File "/usr/lib/python3.13/http/client.py", line 1362, in endheaders
    self._send_output(message_body, encode_chunked=encode_chunked)
    ~~~~~~~~~~~~~~~~~^^^^^^^^^^^^^^^^^^^^^^^^^^^^^^^^^^^^^^^^^^^^^
  File "/usr/lib/python3.13/http/client.py", line 1122, in _send_output
    self.send(msg)
    ~~~~~~~~~^^^^^
  File "/usr/lib/python3.13/http/client.py", line 1066, in send
    self.connect()
    ~~~~~~~~~~~~^^
  File "/usr/lib/python3.13/http/client.py", line 1032, in connect
    self.sock = self._create_connection(
                ~~~~~~~~~~~~~~~~~~~~~~~^
        (self.host,self.port), self.timeout, self.source_address)
        ^^^^^^^^^^^^^^^^^^^^^^^^^^^^^^^^^^^^^^^^^^^^^^^^^^^^^^^^^
  File "/usr/lib/python3.13/socket.py", line 864, in create_connection
    raise exceptions[0]
  File "/usr/lib/python3.13/http/client.py", line 1362, in endheaders
    self._send_output(message_body, encode_chunked=encode_chunked)
    ~~~~~~~~~~~~~~~~~^^^^^^^^^^^^^^^^^^^^^^^^^^^^^^^^^^^^^^^^^^^^^
  File "/usr/lib/python3.13/http/client.py", line 1122, in _send_output
    self.send(msg)
    ~~~~~~~~~^^^^^
  File "/usr/lib/python3.13/urllib/request.py", line 1319, in do_open
    h.request(req.get_method(), req.selector, req.data, headers,
    ~~~~~~~~~^^^^^^^^^^^^^^^^^^^^^^^^^^^^^^^^^^^^^^^^^^^^^^^^^^^
              encode_chunked=req.has_header('Transfer-encoding'))
              ^^^^^^^^^^^^^^^^^^^^^^^^^^^^^^^^^^^^^^^^^^^^^^^^^^^
  File "/usr/lib/python3.13/socket.py", line 849, in create_connection
    sock.connect(sa)
    ~~~~~~~~~~~~^^^^
  File "/usr/lib/python3.13/http/client.py", line 1413, in _send_request
    self.endheaders(body, encode_chunked=encode_chunked)
    ~~~~~~~~~~~~~~~^^^^^^^^^^^^^^^^^^^^^^^^^^^^^^^^^^^^^
  File "/usr/lib/python3.13/http/client.py", line 1066, in send
    self.connect()
    ~~~~~~~~~~~~^^
  File "/usr/lib/python3.13/http/client.py", line 1362, in endheaders
    self._send_output(message_body, encode_chunked=encode_chunked)
    ~~~~~~~~~~~~~~~~~^^^^^^^^^^^^^^^^^^^^^^^^^^^^^^^^^^^^^^^^^^^^^
  File "/usr/lib/python3.13/http/client.py", line 1122, in _send_output
    self.send(msg)
    ~~~~~~~~~^^^^^
  File "/usr/lib/python3.13/http/client.py", line 1367, in request
    self._send_request(method, url, body, headers, encode_chunked)
    ~~~~~~~~~~~~~~~~~~^^^^^^^^^^^^^^^^^^^^^^^^^^^^^^^^^^^^^^^^^^^^
ConnectionRefusedError: [Errno 111] Connection refused

During handling of the above exception, another exception occurred:

  File "/usr/lib/python3.13/http/client.py", line 1066, in send
    self.connect()
    ~~~~~~~~~~~~^^
  File "/usr/lib/python3.13/http/client.py", line 1413, in _send_request
    self.endheaders(body, encode_chunked=encode_chunked)
    ~~~~~~~~~~~~~~~^^^^^^^^^^^^^^^^^^^^^^^^^^^^^^^^^^^^^
  File "/usr/lib/python3.13/http/client.py", line 1032, in connect
    self.sock = self._create_connection(
                ~~~~~~~~~~~~~~~~~~~~~~~^
        (self.host,self.port), self.timeout, self.source_address)
        ^^^^^^^^^^^^^^^^^^^^^^^^^^^^^^^^^^^^^^^^^^^^^^^^^^^^^^^^^
  File "/usr/lib/python3.13/http/client.py", line 1032, in connect
    self.sock = self._create_connection(
                ~~~~~~~~~~~~~~~~~~~~~~~^
        (self.host,self.port), self.timeout, self.source_address)
        ^^^^^^^^^^^^^^^^^^^^^^^^^^^^^^^^^^^^^^^^^^^^^^^^^^^^^^^^^
  File "/usr/lib/python3.13/socket.py", line 864, in create_connection
    raise exceptions[0]
  File "/usr/lib/python3.13/http/client.py", line 1362, in endheaders
    self._send_output(message_body, encode_chunked=encode_chunked)
    ~~~~~~~~~~~~~~~~~^^^^^^^^^^^^^^^^^^^^^^^^^^^^^^^^^^^^^^^^^^^^^
Traceback (most recent call last):
  File "/usr/lib/python3.13/socket.py", line 864, in create_connection
    raise exceptions[0]
  File "/usr/lib/python3.13/socket.py", line 849, in create_connection
    sock.connect(sa)
    ~~~~~~~~~~~~^^^^
ConnectionRefusedError: [Errno 111] Connection refused
  File "/usr/lib/python3.13/socket.py", line 849, in create_connection
    sock.connect(sa)
    ~~~~~~~~~~~~^^^^
  File "/usr/lib/python3.13/http/client.py", line 1122, in _send_output
    self.send(msg)
    ~~~~~~~~~^^^^^

During handling of the above exception, another exception occurred:

ConnectionRefusedError: [Errno 111] Connection refused
  File "/usr/lib/python3.13/socketserver.py", line 697, in process_request_thread
    self.finish_request(request, client_address)
    ~~~~~~~~~~~~~~~~~~~^^^^^^^^^^^^^^^^^^^^^^^^^
  File "/usr/lib/python3.13/http/client.py", line 1066, in send
    self.connect()
    ~~~~~~~~~~~~^^
  File "/usr/lib/python3.13/socketserver.py", line 362, in finish_request
    self.RequestHandlerClass(request, client_address, self)
    ~~~~~~~~~~~~~~~~~~~~~~~~^^^^^^^^^^^^^^^^^^^^^^^^^^^^^^^
Traceback (most recent call last):

During handling of the above exception, another exception occurred:

  File "/usr/lib/python3.13/http/client.py", line 1032, in connect
    self.sock = self._create_connection(
                ~~~~~~~~~~~~~~~~~~~~~~~^
        (self.host,self.port), self.timeout, self.source_address)
        ^^^^^^^^^^^^^^^^^^^^^^^^^^^^^^^^^^^^^^^^^^^^^^^^^^^^^^^^^
  File "/dev/shm/mosdns-rust-client-ecs-20261002/proof/services.py", line 24, in __init__
    def __init__(self,*args,**kwargs):super().__init__(*args,directory=str(bundle),**kwargs)
                                      ~~~~~~~~~~~~~~~~^^^^^^^^^^^^^^^^^^^^^^^^^^^^^^^^^^^^^^
  File "/usr/lib/python3.13/socket.py", line 864, in create_connection
    raise exceptions[0]
  File "/usr/lib/python3.13/http/server.py", line 672, in __init__
    super().__init__(*args, **kwargs)
    ~~~~~~~~~~~~~~~~^^^^^^^^^^^^^^^^^
  File "/usr/lib/python3.13/socketserver.py", line 697, in process_request_thread
    self.finish_request(request, client_address)
    ~~~~~~~~~~~~~~~~~~~^^^^^^^^^^^^^^^^^^^^^^^^^
  File "/usr/lib/python3.13/socket.py", line 849, in create_connection
    sock.connect(sa)
    ~~~~~~~~~~~~^^^^
  File "/usr/lib/python3.13/socketserver.py", line 362, in finish_request
    self.RequestHandlerClass(request, client_address, self)
    ~~~~~~~~~~~~~~~~~~~~~~~~^^^^^^^^^^^^^^^^^^^^^^^^^^^^^^^
Traceback (most recent call last):
  File "/usr/lib/python3.13/socketserver.py", line 766, in __init__
    self.handle()
    ~~~~~~~~~~~^^
  File "/dev/shm/mosdns-rust-client-ecs-20261002/proof/services.py", line 24, in __init__
    def __init__(self,*args,**kwargs):super().__init__(*args,directory=str(bundle),**kwargs)
                                      ~~~~~~~~~~~~~~~~^^^^^^^^^^^^^^^^^^^^^^^^^^^^^^^^^^^^^^
ConnectionRefusedError: [Errno 111] Connection refused
  File "/usr/lib/python3.13/socketserver.py", line 697, in process_request_thread
    self.finish_request(request, client_address)
    ~~~~~~~~~~~~~~~~~~~^^^^^^^^^^^^^^^^^^^^^^^^^
  File "/usr/lib/python3.13/http/server.py", line 436, in handle
    self.handle_one_request()
    ~~~~~~~~~~~~~~~~~~~~~~~^^

During handling of the above exception, another exception occurred:

  File "/usr/lib/python3.13/http/server.py", line 672, in __init__
    super().__init__(*args, **kwargs)
    ~~~~~~~~~~~~~~~~^^^^^^^^^^^^^^^^^
  File "/usr/lib/python3.13/socketserver.py", line 362, in finish_request
    self.RequestHandlerClass(request, client_address, self)
    ~~~~~~~~~~~~~~~~~~~~~~~~^^^^^^^^^^^^^^^^^^^^^^^^^^^^^^^
  File "/dev/shm/mosdns-rust-client-ecs-20261002/proof/services.py", line 24, in __init__
    def __init__(self,*args,**kwargs):super().__init__(*args,directory=str(bundle),**kwargs)
                                      ~~~~~~~~~~~~~~~~^^^^^^^^^^^^^^^^^^^^^^^^^^^^^^^^^^^^^^
  File "/usr/lib/python3.13/socketserver.py", line 766, in __init__
    self.handle()
    ~~~~~~~~~~~^^
Traceback (most recent call last):
  File "/usr/lib/python3.13/http/server.py", line 424, in handle_one_request
    method()
    ~~~~~~^^
  File "/usr/lib/python3.13/socketserver.py", line 697, in process_request_thread
    self.finish_request(request, client_address)
    ~~~~~~~~~~~~~~~~~~~^^^^^^^^^^^^^^^^^^^^^^^^^
  File "/usr/lib/python3.13/http/server.py", line 672, in __init__
    super().__init__(*args, **kwargs)
    ~~~~~~~~~~~~~~~~^^^^^^^^^^^^^^^^^
  File "/usr/lib/python3.13/socketserver.py", line 766, in __init__
    self.handle()
    ~~~~~~~~~~~^^
  File "/dev/shm/mosdns-rust-client-ecs-20261002/proof/services.py", line 26, in do_GET
    if self.path.startswith(('/api/','/plugins/','/metrics')):self.proxy()
                                                              ~~~~~~~~~~^^
  File "/usr/lib/python3.13/socketserver.py", line 362, in finish_request
    self.RequestHandlerClass(request, client_address, self)
    ~~~~~~~~~~~~~~~~~~~~~~~~^^^^^^^^^^^^^^^^^^^^^^^^^^^^^^^
  File "/dev/shm/mosdns-rust-client-ecs-20261002/proof/services.py", line 32, in proxy
    try:response=urllib.request.urlopen(request)
                 ~~~~~~~~~~~~~~~~~~~~~~^^^^^^^^^
  File "/usr/lib/python3.13/http/server.py", line 436, in handle
    self.handle_one_request()
    ~~~~~~~~~~~~~~~~~~~~~~~^^
  File "/usr/lib/python3.13/http/server.py", line 436, in handle
    self.handle_one_request()
    ~~~~~~~~~~~~~~~~~~~~~~~^^
  File "/usr/lib/python3.13/urllib/request.py", line 189, in urlopen
    return opener.open(url, data, timeout)
           ~~~~~~~~~~~^^^^^^^^^^^^^^^^^^^^
  File "/usr/lib/python3.13/http/server.py", line 424, in handle_one_request
    method()
    ~~~~~~^^
  File "/dev/shm/mosdns-rust-client-ecs-20261002/proof/services.py", line 26, in do_GET
    if self.path.startswith(('/api/','/plugins/','/metrics')):self.proxy()
                                                              ~~~~~~~~~~^^
  File "/usr/lib/python3.13/http/server.py", line 424, in handle_one_request
    method()
    ~~~~~~^^
  File "/dev/shm/mosdns-rust-client-ecs-20261002/proof/services.py", line 24, in __init__
    def __init__(self,*args,**kwargs):super().__init__(*args,directory=str(bundle),**kwargs)
                                      ~~~~~~~~~~~~~~~~^^^^^^^^^^^^^^^^^^^^^^^^^^^^^^^^^^^^^^
  File "/usr/lib/python3.13/urllib/request.py", line 489, in open
    response = self._open(req, data)
  File "/dev/shm/mosdns-rust-client-ecs-20261002/proof/services.py", line 32, in proxy
    try:response=urllib.request.urlopen(request)
                 ~~~~~~~~~~~~~~~~~~~~~~^^^^^^^^^
  File "/usr/lib/python3.13/urllib/request.py", line 506, in _open
    result = self._call_chain(self.handle_open, protocol, protocol +
                              '_open', req)
  File "/usr/lib/python3.13/urllib/request.py", line 189, in urlopen
    return opener.open(url, data, timeout)
           ~~~~~~~~~~~^^^^^^^^^^^^^^^^^^^^
  File "/dev/shm/mosdns-rust-client-ecs-20261002/proof/services.py", line 26, in do_GET
    if self.path.startswith(('/api/','/plugins/','/metrics')):self.proxy()
                                                              ~~~~~~~~~~^^
  File "/usr/lib/python3.13/urllib/request.py", line 466, in _call_chain
    result = func(*args)
  File "/usr/lib/python3.13/http/server.py", line 672, in __init__
    super().__init__(*args, **kwargs)
    ~~~~~~~~~~~~~~~~^^^^^^^^^^^^^^^^^
  File "/usr/lib/python3.13/socketserver.py", line 766, in __init__
    self.handle()
    ~~~~~~~~~~~^^
  File "/usr/lib/python3.13/urllib/request.py", line 489, in open
    response = self._open(req, data)
  File "/usr/lib/python3.13/urllib/request.py", line 506, in _open
    result = self._call_chain(self.handle_open, protocol, protocol +
                              '_open', req)
  File "/usr/lib/python3.13/urllib/request.py", line 1348, in http_open
    return self.do_open(http.client.HTTPConnection, req)
           ~~~~~~~~~~~~^^^^^^^^^^^^^^^^^^^^^^^^^^^^^^^^^
  File "/dev/shm/mosdns-rust-client-ecs-20261002/proof/services.py", line 32, in proxy
    try:response=urllib.request.urlopen(request)
                 ~~~~~~~~~~~~~~~~~~~~~~^^^^^^^^^
  File "/usr/lib/python3.13/urllib/request.py", line 1322, in do_open
    raise URLError(err)
  File "/usr/lib/python3.13/http/server.py", line 436, in handle
    self.handle_one_request()
    ~~~~~~~~~~~~~~~~~~~~~~~^^
  File "/usr/lib/python3.13/urllib/request.py", line 466, in _call_chain
    result = func(*args)
  File "/usr/lib/python3.13/urllib/request.py", line 189, in urlopen
    return opener.open(url, data, timeout)
           ~~~~~~~~~~~^^^^^^^^^^^^^^^^^^^^
  File "/usr/lib/python3.13/urllib/request.py", line 1348, in http_open
    return self.do_open(http.client.HTTPConnection, req)
           ~~~~~~~~~~~~^^^^^^^^^^^^^^^^^^^^^^^^^^^^^^^^^
  File "/usr/lib/python3.13/http/server.py", line 424, in handle_one_request
    method()
    ~~~~~~^^
urllib.error.URLError: <urlopen error [Errno 111] Connection refused>
  File "/usr/lib/python3.13/urllib/request.py", line 489, in open
    response = self._open(req, data)
  File "/usr/lib/python3.13/urllib/request.py", line 506, in _open
    result = self._call_chain(self.handle_open, protocol, protocol +
                              '_open', req)
  File "/usr/lib/python3.13/urllib/request.py", line 1322, in do_open
    raise URLError(err)
  File "/dev/shm/mosdns-rust-client-ecs-20261002/proof/services.py", line 26, in do_GET
    if self.path.startswith(('/api/','/plugins/','/metrics')):self.proxy()
                                                              ~~~~~~~~~~^^
----------------------------------------
  File "/usr/lib/python3.13/urllib/request.py", line 466, in _call_chain
    result = func(*args)
  File "/usr/lib/python3.13/urllib/request.py", line 1348, in http_open
    return self.do_open(http.client.HTTPConnection, req)
           ~~~~~~~~~~~~^^^^^^^^^^^^^^^^^^^^^^^^^^^^^^^^^
  File "/usr/lib/python3.13/urllib/request.py", line 1322, in do_open
    raise URLError(err)
urllib.error.URLError: <urlopen error [Errno 111] Connection refused>
urllib.error.URLError: <urlopen error [Errno 111] Connection refused>
  File "/dev/shm/mosdns-rust-client-ecs-20261002/proof/services.py", line 32, in proxy
    try:response=urllib.request.urlopen(request)
                 ~~~~~~~~~~~~~~~~~~~~~~^^^^^^^^^
----------------------------------------
  File "/usr/lib/python3.13/urllib/request.py", line 189, in urlopen
    return opener.open(url, data, timeout)
           ~~~~~~~~~~~^^^^^^^^^^^^^^^^^^^^
----------------------------------------
  File "/usr/lib/python3.13/urllib/request.py", line 489, in open
    response = self._open(req, data)
  File "/usr/lib/python3.13/urllib/request.py", line 506, in _open
    result = self._call_chain(self.handle_open, protocol, protocol +
                              '_open', req)
  File "/usr/lib/python3.13/urllib/request.py", line 466, in _call_chain
    result = func(*args)
  File "/usr/lib/python3.13/urllib/request.py", line 1348, in http_open
    return self.do_open(http.client.HTTPConnection, req)
           ~~~~~~~~~~~~^^^^^^^^^^^^^^^^^^^^^^^^^^^^^^^^^
  File "/usr/lib/python3.13/urllib/request.py", line 1322, in do_open
    raise URLError(err)
urllib.error.URLError: <urlopen error [Errno 111] Connection refused>
----------------------------------------
----------------------------------------
Exception occurred during processing of request from ('127.0.0.1', 44784)
Traceback (most recent call last):
  File "/usr/lib/python3.13/urllib/request.py", line 1319, in do_open
    h.request(req.get_method(), req.selector, req.data, headers,
    ~~~~~~~~~^^^^^^^^^^^^^^^^^^^^^^^^^^^^^^^^^^^^^^^^^^^^^^^^^^^
              encode_chunked=req.has_header('Transfer-encoding'))
              ^^^^^^^^^^^^^^^^^^^^^^^^^^^^^^^^^^^^^^^^^^^^^^^^^^^
  File "/usr/lib/python3.13/http/client.py", line 1367, in request
    self._send_request(method, url, body, headers, encode_chunked)
    ~~~~~~~~~~~~~~~~~~^^^^^^^^^^^^^^^^^^^^^^^^^^^^^^^^^^^^^^^^^^^^
  File "/usr/lib/python3.13/http/client.py", line 1413, in _send_request
    self.endheaders(body, encode_chunked=encode_chunked)
    ~~~~~~~~~~~~~~~^^^^^^^^^^^^^^^^^^^^^^^^^^^^^^^^^^^^^
  File "/usr/lib/python3.13/http/client.py", line 1362, in endheaders
    self._send_output(message_body, encode_chunked=encode_chunked)
    ~~~~~~~~~~~~~~~~~^^^^^^^^^^^^^^^^^^^^^^^^^^^^^^^^^^^^^^^^^^^^^
----------------------------------------
Exception occurred during processing of request from ('127.0.0.1', 44798)
  File "/usr/lib/python3.13/http/client.py", line 1122, in _send_output
    self.send(msg)
    ~~~~~~~~~^^^^^
----------------------------------------
Exception occurred during processing of request from ('127.0.0.1', 44808)
  File "/usr/lib/python3.13/http/client.py", line 1066, in send
    self.connect()
    ~~~~~~~~~~~~^^
  File "/usr/lib/python3.13/http/client.py", line 1032, in connect
    self.sock = self._create_connection(
                ~~~~~~~~~~~~~~~~~~~~~~~^
        (self.host,self.port), self.timeout, self.source_address)
        ^^^^^^^^^^^^^^^^^^^^^^^^^^^^^^^^^^^^^^^^^^^^^^^^^^^^^^^^^
  File "/usr/lib/python3.13/socket.py", line 864, in create_connection
    raise exceptions[0]
  File "/usr/lib/python3.13/socket.py", line 849, in create_connection
    sock.connect(sa)
    ~~~~~~~~~~~~^^^^
ConnectionRefusedError: [Errno 111] Connection refused

During handling of the above exception, another exception occurred:

Traceback (most recent call last):
  File "/usr/lib/python3.13/socketserver.py", line 697, in process_request_thread
    self.finish_request(request, client_address)
    ~~~~~~~~~~~~~~~~~~~^^^^^^^^^^^^^^^^^^^^^^^^^
  File "/usr/lib/python3.13/socketserver.py", line 362, in finish_request
    self.RequestHandlerClass(request, client_address, self)
    ~~~~~~~~~~~~~~~~~~~~~~~~^^^^^^^^^^^^^^^^^^^^^^^^^^^^^^^
  File "/dev/shm/mosdns-rust-client-ecs-20261002/proof/services.py", line 24, in __init__
    def __init__(self,*args,**kwargs):super().__init__(*args,directory=str(bundle),**kwargs)
                                      ~~~~~~~~~~~~~~~~^^^^^^^^^^^^^^^^^^^^^^^^^^^^^^^^^^^^^^
  File "/usr/lib/python3.13/http/server.py", line 672, in __init__
    super().__init__(*args, **kwargs)
    ~~~~~~~~~~~~~~~~^^^^^^^^^^^^^^^^^
  File "/usr/lib/python3.13/socketserver.py", line 766, in __init__
    self.handle()
    ~~~~~~~~~~~^^
  File "/usr/lib/python3.13/http/server.py", line 436, in handle
    self.handle_one_request()
    ~~~~~~~~~~~~~~~~~~~~~~~^^
  File "/usr/lib/python3.13/http/server.py", line 424, in handle_one_request
    method()
    ~~~~~~^^
  File "/dev/shm/mosdns-rust-client-ecs-20261002/proof/services.py", line 26, in do_GET
    if self.path.startswith(('/api/','/plugins/','/metrics')):self.proxy()
                                                              ~~~~~~~~~~^^
  File "/dev/shm/mosdns-rust-client-ecs-20261002/proof/services.py", line 32, in proxy
    try:response=urllib.request.urlopen(request)
                 ~~~~~~~~~~~~~~~~~~~~~~^^^^^^^^^
  File "/usr/lib/python3.13/urllib/request.py", line 189, in urlopen
    return opener.open(url, data, timeout)
           ~~~~~~~~~~~^^^^^^^^^^^^^^^^^^^^
  File "/usr/lib/python3.13/urllib/request.py", line 489, in open
    response = self._open(req, data)
  File "/usr/lib/python3.13/urllib/request.py", line 506, in _open
    result = self._call_chain(self.handle_open, protocol, protocol +
                              '_open', req)
  File "/usr/lib/python3.13/urllib/request.py", line 466, in _call_chain
    result = func(*args)
  File "/usr/lib/python3.13/urllib/request.py", line 1348, in http_open
    return self.do_open(http.client.HTTPConnection, req)
           ~~~~~~~~~~~~^^^^^^^^^^^^^^^^^^^^^^^^^^^^^^^^^
  File "/usr/lib/python3.13/urllib/request.py", line 1322, in do_open
    raise URLError(err)
urllib.error.URLError: <urlopen error [Errno 111] Connection refused>
----------------------------------------
----------------------------------------
Exception occurred during processing of request from ('127.0.0.1', 44822)
Traceback (most recent call last):
Traceback (most recent call last):
Traceback (most recent call last):
  File "/usr/lib/python3.13/urllib/request.py", line 1319, in do_open
    h.request(req.get_method(), req.selector, req.data, headers,
    ~~~~~~~~~^^^^^^^^^^^^^^^^^^^^^^^^^^^^^^^^^^^^^^^^^^^^^^^^^^^
              encode_chunked=req.has_header('Transfer-encoding'))
              ^^^^^^^^^^^^^^^^^^^^^^^^^^^^^^^^^^^^^^^^^^^^^^^^^^^
  File "/usr/lib/python3.13/urllib/request.py", line 1319, in do_open
    h.request(req.get_method(), req.selector, req.data, headers,
    ~~~~~~~~~^^^^^^^^^^^^^^^^^^^^^^^^^^^^^^^^^^^^^^^^^^^^^^^^^^^
              encode_chunked=req.has_header('Transfer-encoding'))
              ^^^^^^^^^^^^^^^^^^^^^^^^^^^^^^^^^^^^^^^^^^^^^^^^^^^
  File "/usr/lib/python3.13/http/client.py", line 1367, in request
    self._send_request(method, url, body, headers, encode_chunked)
    ~~~~~~~~~~~~~~~~~~^^^^^^^^^^^^^^^^^^^^^^^^^^^^^^^^^^^^^^^^^^^^
  File "/usr/lib/python3.13/http/client.py", line 1367, in request
    self._send_request(method, url, body, headers, encode_chunked)
    ~~~~~~~~~~~~~~~~~~^^^^^^^^^^^^^^^^^^^^^^^^^^^^^^^^^^^^^^^^^^^^
  File "/usr/lib/python3.13/urllib/request.py", line 1319, in do_open
    h.request(req.get_method(), req.selector, req.data, headers,
    ~~~~~~~~~^^^^^^^^^^^^^^^^^^^^^^^^^^^^^^^^^^^^^^^^^^^^^^^^^^^
              encode_chunked=req.has_header('Transfer-encoding'))
              ^^^^^^^^^^^^^^^^^^^^^^^^^^^^^^^^^^^^^^^^^^^^^^^^^^^
  File "/usr/lib/python3.13/http/client.py", line 1367, in request
    self._send_request(method, url, body, headers, encode_chunked)
    ~~~~~~~~~~~~~~~~~~^^^^^^^^^^^^^^^^^^^^^^^^^^^^^^^^^^^^^^^^^^^^
  File "/usr/lib/python3.13/http/client.py", line 1413, in _send_request
    self.endheaders(body, encode_chunked=encode_chunked)
    ~~~~~~~~~~~~~~~^^^^^^^^^^^^^^^^^^^^^^^^^^^^^^^^^^^^^
  File "/usr/lib/python3.13/http/client.py", line 1362, in endheaders
    self._send_output(message_body, encode_chunked=encode_chunked)
    ~~~~~~~~~~~~~~~~~^^^^^^^^^^^^^^^^^^^^^^^^^^^^^^^^^^^^^^^^^^^^^
  File "/usr/lib/python3.13/http/client.py", line 1413, in _send_request
    self.endheaders(body, encode_chunked=encode_chunked)
    ~~~~~~~~~~~~~~~^^^^^^^^^^^^^^^^^^^^^^^^^^^^^^^^^^^^^
  File "/usr/lib/python3.13/http/client.py", line 1413, in _send_request
    self.endheaders(body, encode_chunked=encode_chunked)
    ~~~~~~~~~~~~~~~^^^^^^^^^^^^^^^^^^^^^^^^^^^^^^^^^^^^^
  File "/usr/lib/python3.13/http/client.py", line 1362, in endheaders
    self._send_output(message_body, encode_chunked=encode_chunked)
    ~~~~~~~~~~~~~~~~~^^^^^^^^^^^^^^^^^^^^^^^^^^^^^^^^^^^^^^^^^^^^^
  File "/usr/lib/python3.13/http/client.py", line 1122, in _send_output
    self.send(msg)
    ~~~~~~~~~^^^^^
  File "/usr/lib/python3.13/http/client.py", line 1362, in endheaders
    self._send_output(message_body, encode_chunked=encode_chunked)
    ~~~~~~~~~~~~~~~~~^^^^^^^^^^^^^^^^^^^^^^^^^^^^^^^^^^^^^^^^^^^^^
  File "/usr/lib/python3.13/http/client.py", line 1122, in _send_output
    self.send(msg)
    ~~~~~~~~~^^^^^
  File "/usr/lib/python3.13/http/client.py", line 1122, in _send_output
    self.send(msg)
    ~~~~~~~~~^^^^^
  File "/usr/lib/python3.13/http/client.py", line 1066, in send
    self.connect()
    ~~~~~~~~~~~~^^
  File "/usr/lib/python3.13/http/client.py", line 1066, in send
    self.connect()
    ~~~~~~~~~~~~^^
  File "/usr/lib/python3.13/http/client.py", line 1032, in connect
    self.sock = self._create_connection(
                ~~~~~~~~~~~~~~~~~~~~~~~^
        (self.host,self.port), self.timeout, self.source_address)
        ^^^^^^^^^^^^^^^^^^^^^^^^^^^^^^^^^^^^^^^^^^^^^^^^^^^^^^^^^
  File "/usr/lib/python3.13/http/client.py", line 1066, in send
    self.connect()
    ~~~~~~~~~~~~^^
  File "/usr/lib/python3.13/http/client.py", line 1032, in connect
    self.sock = self._create_connection(
                ~~~~~~~~~~~~~~~~~~~~~~~^
        (self.host,self.port), self.timeout, self.source_address)
        ^^^^^^^^^^^^^^^^^^^^^^^^^^^^^^^^^^^^^^^^^^^^^^^^^^^^^^^^^
  File "/usr/lib/python3.13/socket.py", line 864, in create_connection
    raise exceptions[0]
  File "/usr/lib/python3.13/socket.py", line 849, in create_connection
    sock.connect(sa)
    ~~~~~~~~~~~~^^^^
ConnectionRefusedError: [Errno 111] Connection refused
  File "/usr/lib/python3.13/socket.py", line 864, in create_connection
    raise exceptions[0]
  File "/usr/lib/python3.13/http/client.py", line 1032, in connect
    self.sock = self._create_connection(
                ~~~~~~~~~~~~~~~~~~~~~~~^
        (self.host,self.port), self.timeout, self.source_address)
        ^^^^^^^^^^^^^^^^^^^^^^^^^^^^^^^^^^^^^^^^^^^^^^^^^^^^^^^^^
  File "/usr/lib/python3.13/socket.py", line 849, in create_connection
    sock.connect(sa)
    ~~~~~~~~~~~~^^^^
  File "/usr/lib/python3.13/socket.py", line 864, in create_connection
    raise exceptions[0]

During handling of the above exception, another exception occurred:

  File "/usr/lib/python3.13/socket.py", line 849, in create_connection
    sock.connect(sa)
    ~~~~~~~~~~~~^^^^
Traceback (most recent call last):
ConnectionRefusedError: [Errno 111] Connection refused
ConnectionRefusedError: [Errno 111] Connection refused
  File "/usr/lib/python3.13/socketserver.py", line 697, in process_request_thread
    self.finish_request(request, client_address)
    ~~~~~~~~~~~~~~~~~~~^^^^^^^^^^^^^^^^^^^^^^^^^

During handling of the above exception, another exception occurred:

Traceback (most recent call last):

During handling of the above exception, another exception occurred:

Traceback (most recent call last):
  File "/usr/lib/python3.13/socketserver.py", line 697, in process_request_thread
    self.finish_request(request, client_address)
    ~~~~~~~~~~~~~~~~~~~^^^^^^^^^^^^^^^^^^^^^^^^^
  File "/usr/lib/python3.13/socketserver.py", line 362, in finish_request
    self.RequestHandlerClass(request, client_address, self)
    ~~~~~~~~~~~~~~~~~~~~~~~~^^^^^^^^^^^^^^^^^^^^^^^^^^^^^^^
  File "/usr/lib/python3.13/socketserver.py", line 697, in process_request_thread
    self.finish_request(request, client_address)
    ~~~~~~~~~~~~~~~~~~~^^^^^^^^^^^^^^^^^^^^^^^^^
  File "/usr/lib/python3.13/socketserver.py", line 362, in finish_request
    self.RequestHandlerClass(request, client_address, self)
    ~~~~~~~~~~~~~~~~~~~~~~~~^^^^^^^^^^^^^^^^^^^^^^^^^^^^^^^
  File "/usr/lib/python3.13/socketserver.py", line 362, in finish_request
    self.RequestHandlerClass(request, client_address, self)
    ~~~~~~~~~~~~~~~~~~~~~~~~^^^^^^^^^^^^^^^^^^^^^^^^^^^^^^^
  File "/dev/shm/mosdns-rust-client-ecs-20261002/proof/services.py", line 24, in __init__
    def __init__(self,*args,**kwargs):super().__init__(*args,directory=str(bundle),**kwargs)
                                      ~~~~~~~~~~~~~~~~^^^^^^^^^^^^^^^^^^^^^^^^^^^^^^^^^^^^^^
  File "/dev/shm/mosdns-rust-client-ecs-20261002/proof/services.py", line 24, in __init__
    def __init__(self,*args,**kwargs):super().__init__(*args,directory=str(bundle),**kwargs)
                                      ~~~~~~~~~~~~~~~~^^^^^^^^^^^^^^^^^^^^^^^^^^^^^^^^^^^^^^
  File "/dev/shm/mosdns-rust-client-ecs-20261002/proof/services.py", line 24, in __init__
    def __init__(self,*args,**kwargs):super().__init__(*args,directory=str(bundle),**kwargs)
                                      ~~~~~~~~~~~~~~~~^^^^^^^^^^^^^^^^^^^^^^^^^^^^^^^^^^^^^^
  File "/usr/lib/python3.13/http/server.py", line 672, in __init__
    super().__init__(*args, **kwargs)
    ~~~~~~~~~~~~~~~~^^^^^^^^^^^^^^^^^
  File "/usr/lib/python3.13/http/server.py", line 672, in __init__
    super().__init__(*args, **kwargs)
    ~~~~~~~~~~~~~~~~^^^^^^^^^^^^^^^^^
  File "/usr/lib/python3.13/socketserver.py", line 766, in __init__
    self.handle()
    ~~~~~~~~~~~^^
  File "/usr/lib/python3.13/http/server.py", line 672, in __init__
    super().__init__(*args, **kwargs)
    ~~~~~~~~~~~~~~~~^^^^^^^^^^^^^^^^^
  File "/usr/lib/python3.13/socketserver.py", line 766, in __init__
    self.handle()
    ~~~~~~~~~~~^^
  File "/usr/lib/python3.13/http/server.py", line 436, in handle
    self.handle_one_request()
    ~~~~~~~~~~~~~~~~~~~~~~~^^
  File "/usr/lib/python3.13/http/server.py", line 424, in handle_one_request
    method()
    ~~~~~~^^
  File "/usr/lib/python3.13/socketserver.py", line 766, in __init__
    self.handle()
    ~~~~~~~~~~~^^
  File "/usr/lib/python3.13/http/server.py", line 436, in handle
    self.handle_one_request()
    ~~~~~~~~~~~~~~~~~~~~~~~^^
  File "/usr/lib/python3.13/http/server.py", line 436, in handle
    self.handle_one_request()
    ~~~~~~~~~~~~~~~~~~~~~~~^^
  File "/dev/shm/mosdns-rust-client-ecs-20261002/proof/services.py", line 26, in do_GET
    if self.path.startswith(('/api/','/plugins/','/metrics')):self.proxy()
                                                              ~~~~~~~~~~^^
  File "/dev/shm/mosdns-rust-client-ecs-20261002/proof/services.py", line 32, in proxy
    try:response=urllib.request.urlopen(request)
                 ~~~~~~~~~~~~~~~~~~~~~~^^^^^^^^^
  File "/usr/lib/python3.13/http/server.py", line 424, in handle_one_request
    method()
    ~~~~~~^^
  File "/usr/lib/python3.13/urllib/request.py", line 189, in urlopen
    return opener.open(url, data, timeout)
           ~~~~~~~~~~~^^^^^^^^^^^^^^^^^^^^
  File "/usr/lib/python3.13/http/server.py", line 424, in handle_one_request
    method()
    ~~~~~~^^
  File "/dev/shm/mosdns-rust-client-ecs-20261002/proof/services.py", line 26, in do_GET
    if self.path.startswith(('/api/','/plugins/','/metrics')):self.proxy()
                                                              ~~~~~~~~~~^^
  File "/usr/lib/python3.13/urllib/request.py", line 489, in open
    response = self._open(req, data)
  File "/dev/shm/mosdns-rust-client-ecs-20261002/proof/services.py", line 32, in proxy
    try:response=urllib.request.urlopen(request)
                 ~~~~~~~~~~~~~~~~~~~~~~^^^^^^^^^
  File "/usr/lib/python3.13/urllib/request.py", line 506, in _open
    result = self._call_chain(self.handle_open, protocol, protocol +
                              '_open', req)
  File "/dev/shm/mosdns-rust-client-ecs-20261002/proof/services.py", line 26, in do_GET
    if self.path.startswith(('/api/','/plugins/','/metrics')):self.proxy()
                                                              ~~~~~~~~~~^^
  File "/usr/lib/python3.13/urllib/request.py", line 189, in urlopen
    return opener.open(url, data, timeout)
           ~~~~~~~~~~~^^^^^^^^^^^^^^^^^^^^
  File "/usr/lib/python3.13/urllib/request.py", line 489, in open
    response = self._open(req, data)
  File "/usr/lib/python3.13/urllib/request.py", line 466, in _call_chain
    result = func(*args)
  File "/usr/lib/python3.13/urllib/request.py", line 506, in _open
    result = self._call_chain(self.handle_open, protocol, protocol +
                              '_open', req)
  File "/usr/lib/python3.13/urllib/request.py", line 466, in _call_chain
    result = func(*args)
  File "/dev/shm/mosdns-rust-client-ecs-20261002/proof/services.py", line 32, in proxy
    try:response=urllib.request.urlopen(request)
                 ~~~~~~~~~~~~~~~~~~~~~~^^^^^^^^^
  File "/usr/lib/python3.13/urllib/request.py", line 1348, in http_open
    return self.do_open(http.client.HTTPConnection, req)
           ~~~~~~~~~~~~^^^^^^^^^^^^^^^^^^^^^^^^^^^^^^^^^
  File "/usr/lib/python3.13/urllib/request.py", line 1322, in do_open
    raise URLError(err)
  File "/usr/lib/python3.13/urllib/request.py", line 1348, in http_open
    return self.do_open(http.client.HTTPConnection, req)
           ~~~~~~~~~~~~^^^^^^^^^^^^^^^^^^^^^^^^^^^^^^^^^
  File "/usr/lib/python3.13/urllib/request.py", line 189, in urlopen
    return opener.open(url, data, timeout)
           ~~~~~~~~~~~^^^^^^^^^^^^^^^^^^^^
  File "/usr/lib/python3.13/urllib/request.py", line 489, in open
    response = self._open(req, data)
urllib.error.URLError: <urlopen error [Errno 111] Connection refused>
----------------------------------------
  File "/usr/lib/python3.13/urllib/request.py", line 1322, in do_open
    raise URLError(err)
  File "/usr/lib/python3.13/urllib/request.py", line 506, in _open
    result = self._call_chain(self.handle_open, protocol, protocol +
                              '_open', req)
  File "/usr/lib/python3.13/urllib/request.py", line 466, in _call_chain
    result = func(*args)
  File "/usr/lib/python3.13/urllib/request.py", line 1348, in http_open
    return self.do_open(http.client.HTTPConnection, req)
           ~~~~~~~~~~~~^^^^^^^^^^^^^^^^^^^^^^^^^^^^^^^^^
  File "/usr/lib/python3.13/urllib/request.py", line 1322, in do_open
    raise URLError(err)
urllib.error.URLError: <urlopen error [Errno 111] Connection refused>
----------------------------------------
urllib.error.URLError: <urlopen error [Errno 111] Connection refused>
----------------------------------------
----------------------------------------
Exception occurred during processing of request from ('127.0.0.1', 44182)
----------------------------------------
Exception occurred during processing of request from ('127.0.0.1', 44168)
----------------------------------------
Exception occurred during processing of request from ('127.0.0.1', 44196)
Traceback (most recent call last):
----------------------------------------
Exception occurred during processing of request from ('127.0.0.1', 44180)
  File "/usr/lib/python3.13/urllib/request.py", line 1319, in do_open
    h.request(req.get_method(), req.selector, req.data, headers,
    ~~~~~~~~~^^^^^^^^^^^^^^^^^^^^^^^^^^^^^^^^^^^^^^^^^^^^^^^^^^^
              encode_chunked=req.has_header('Transfer-encoding'))
              ^^^^^^^^^^^^^^^^^^^^^^^^^^^^^^^^^^^^^^^^^^^^^^^^^^^
  File "/usr/lib/python3.13/http/client.py", line 1367, in request
    self._send_request(method, url, body, headers, encode_chunked)
    ~~~~~~~~~~~~~~~~~~^^^^^^^^^^^^^^^^^^^^^^^^^^^^^^^^^^^^^^^^^^^^
  File "/usr/lib/python3.13/http/client.py", line 1413, in _send_request
    self.endheaders(body, encode_chunked=encode_chunked)
    ~~~~~~~~~~~~~~~^^^^^^^^^^^^^^^^^^^^^^^^^^^^^^^^^^^^^
  File "/usr/lib/python3.13/http/client.py", line 1362, in endheaders
    self._send_output(message_body, encode_chunked=encode_chunked)
    ~~~~~~~~~~~~~~~~~^^^^^^^^^^^^^^^^^^^^^^^^^^^^^^^^^^^^^^^^^^^^^
  File "/usr/lib/python3.13/http/client.py", line 1122, in _send_output
    self.send(msg)
    ~~~~~~~~~^^^^^
Traceback (most recent call last):
Traceback (most recent call last):
Traceback (most recent call last):
  File "/usr/lib/python3.13/http/client.py", line 1066, in send
    self.connect()
    ~~~~~~~~~~~~^^
  File "/usr/lib/python3.13/urllib/request.py", line 1319, in do_open
    h.request(req.get_method(), req.selector, req.data, headers,
    ~~~~~~~~~^^^^^^^^^^^^^^^^^^^^^^^^^^^^^^^^^^^^^^^^^^^^^^^^^^^
              encode_chunked=req.has_header('Transfer-encoding'))
              ^^^^^^^^^^^^^^^^^^^^^^^^^^^^^^^^^^^^^^^^^^^^^^^^^^^
  File "/usr/lib/python3.13/http/client.py", line 1032, in connect
    self.sock = self._create_connection(
                ~~~~~~~~~~~~~~~~~~~~~~~^
        (self.host,self.port), self.timeout, self.source_address)
        ^^^^^^^^^^^^^^^^^^^^^^^^^^^^^^^^^^^^^^^^^^^^^^^^^^^^^^^^^
  File "/usr/lib/python3.13/http/client.py", line 1367, in request
    self._send_request(method, url, body, headers, encode_chunked)
    ~~~~~~~~~~~~~~~~~~^^^^^^^^^^^^^^^^^^^^^^^^^^^^^^^^^^^^^^^^^^^^
  File "/usr/lib/python3.13/socket.py", line 864, in create_connection
    raise exceptions[0]
  File "/usr/lib/python3.13/urllib/request.py", line 1319, in do_open
    h.request(req.get_method(), req.selector, req.data, headers,
    ~~~~~~~~~^^^^^^^^^^^^^^^^^^^^^^^^^^^^^^^^^^^^^^^^^^^^^^^^^^^
              encode_chunked=req.has_header('Transfer-encoding'))
              ^^^^^^^^^^^^^^^^^^^^^^^^^^^^^^^^^^^^^^^^^^^^^^^^^^^
  File "/usr/lib/python3.13/socket.py", line 849, in create_connection
    sock.connect(sa)
    ~~~~~~~~~~~~^^^^
  File "/usr/lib/python3.13/http/client.py", line 1413, in _send_request
    self.endheaders(body, encode_chunked=encode_chunked)
    ~~~~~~~~~~~~~~~^^^^^^^^^^^^^^^^^^^^^^^^^^^^^^^^^^^^^
ConnectionRefusedError: [Errno 111] Connection refused
  File "/usr/lib/python3.13/urllib/request.py", line 1319, in do_open
    h.request(req.get_method(), req.selector, req.data, headers,
    ~~~~~~~~~^^^^^^^^^^^^^^^^^^^^^^^^^^^^^^^^^^^^^^^^^^^^^^^^^^^
              encode_chunked=req.has_header('Transfer-encoding'))
              ^^^^^^^^^^^^^^^^^^^^^^^^^^^^^^^^^^^^^^^^^^^^^^^^^^^
  File "/usr/lib/python3.13/http/client.py", line 1367, in request
    self._send_request(method, url, body, headers, encode_chunked)
    ~~~~~~~~~~~~~~~~~~^^^^^^^^^^^^^^^^^^^^^^^^^^^^^^^^^^^^^^^^^^^^
  File "/usr/lib/python3.13/http/client.py", line 1367, in request
    self._send_request(method, url, body, headers, encode_chunked)
    ~~~~~~~~~~~~~~~~~~^^^^^^^^^^^^^^^^^^^^^^^^^^^^^^^^^^^^^^^^^^^^
  File "/usr/lib/python3.13/http/client.py", line 1413, in _send_request
    self.endheaders(body, encode_chunked=encode_chunked)
    ~~~~~~~~~~~~~~~^^^^^^^^^^^^^^^^^^^^^^^^^^^^^^^^^^^^^
  File "/usr/lib/python3.13/http/client.py", line 1362, in endheaders
    self._send_output(message_body, encode_chunked=encode_chunked)
    ~~~~~~~~~~~~~~~~~^^^^^^^^^^^^^^^^^^^^^^^^^^^^^^^^^^^^^^^^^^^^^
  File "/usr/lib/python3.13/http/client.py", line 1413, in _send_request
    self.endheaders(body, encode_chunked=encode_chunked)
    ~~~~~~~~~~~~~~~^^^^^^^^^^^^^^^^^^^^^^^^^^^^^^^^^^^^^

During handling of the above exception, another exception occurred:

  File "/usr/lib/python3.13/http/client.py", line 1362, in endheaders
    self._send_output(message_body, encode_chunked=encode_chunked)
    ~~~~~~~~~~~~~~~~~^^^^^^^^^^^^^^^^^^^^^^^^^^^^^^^^^^^^^^^^^^^^^
  File "/usr/lib/python3.13/http/client.py", line 1122, in _send_output
    self.send(msg)
    ~~~~~~~~~^^^^^
  File "/usr/lib/python3.13/http/client.py", line 1122, in _send_output
    self.send(msg)
    ~~~~~~~~~^^^^^
  File "/usr/lib/python3.13/http/client.py", line 1362, in endheaders
    self._send_output(message_body, encode_chunked=encode_chunked)
    ~~~~~~~~~~~~~~~~~^^^^^^^^^^^^^^^^^^^^^^^^^^^^^^^^^^^^^^^^^^^^^
Traceback (most recent call last):
  File "/usr/lib/python3.13/http/client.py", line 1066, in send
    self.connect()
    ~~~~~~~~~~~~^^
  File "/usr/lib/python3.13/http/client.py", line 1066, in send
    self.connect()
    ~~~~~~~~~~~~^^
  File "/usr/lib/python3.13/http/client.py", line 1032, in connect
    self.sock = self._create_connection(
                ~~~~~~~~~~~~~~~~~~~~~~~^
        (self.host,self.port), self.timeout, self.source_address)
        ^^^^^^^^^^^^^^^^^^^^^^^^^^^^^^^^^^^^^^^^^^^^^^^^^^^^^^^^^
  File "/usr/lib/python3.13/http/client.py", line 1122, in _send_output
    self.send(msg)
    ~~~~~~~~~^^^^^
  File "/usr/lib/python3.13/socketserver.py", line 697, in process_request_thread
    self.finish_request(request, client_address)
    ~~~~~~~~~~~~~~~~~~~^^^^^^^^^^^^^^^^^^^^^^^^^
  File "/usr/lib/python3.13/socketserver.py", line 362, in finish_request
    self.RequestHandlerClass(request, client_address, self)
    ~~~~~~~~~~~~~~~~~~~~~~~~^^^^^^^^^^^^^^^^^^^^^^^^^^^^^^^
  File "/usr/lib/python3.13/http/client.py", line 1066, in send
    self.connect()
    ~~~~~~~~~~~~^^
  File "/usr/lib/python3.13/http/client.py", line 1032, in connect
    self.sock = self._create_connection(
                ~~~~~~~~~~~~~~~~~~~~~~~^
        (self.host,self.port), self.timeout, self.source_address)
        ^^^^^^^^^^^^^^^^^^^^^^^^^^^^^^^^^^^^^^^^^^^^^^^^^^^^^^^^^
  File "/usr/lib/python3.13/socket.py", line 864, in create_connection
    raise exceptions[0]
  File "/usr/lib/python3.13/http/client.py", line 1032, in connect
    self.sock = self._create_connection(
                ~~~~~~~~~~~~~~~~~~~~~~~^
        (self.host,self.port), self.timeout, self.source_address)
        ^^^^^^^^^^^^^^^^^^^^^^^^^^^^^^^^^^^^^^^^^^^^^^^^^^^^^^^^^
  File "/usr/lib/python3.13/socket.py", line 864, in create_connection
    raise exceptions[0]
  File "/dev/shm/mosdns-rust-client-ecs-20261002/proof/services.py", line 24, in __init__
    def __init__(self,*args,**kwargs):super().__init__(*args,directory=str(bundle),**kwargs)
                                      ~~~~~~~~~~~~~~~~^^^^^^^^^^^^^^^^^^^^^^^^^^^^^^^^^^^^^^
  File "/usr/lib/python3.13/http/server.py", line 672, in __init__
    super().__init__(*args, **kwargs)
    ~~~~~~~~~~~~~~~~^^^^^^^^^^^^^^^^^
  File "/usr/lib/python3.13/socket.py", line 864, in create_connection
    raise exceptions[0]
  File "/usr/lib/python3.13/socket.py", line 849, in create_connection
    sock.connect(sa)
    ~~~~~~~~~~~~^^^^
  File "/usr/lib/python3.13/socket.py", line 849, in create_connection
    sock.connect(sa)
    ~~~~~~~~~~~~^^^^
  File "/usr/lib/python3.13/socketserver.py", line 766, in __init__
    self.handle()
    ~~~~~~~~~~~^^
  File "/usr/lib/python3.13/http/server.py", line 436, in handle
    self.handle_one_request()
    ~~~~~~~~~~~~~~~~~~~~~~~^^
  File "/usr/lib/python3.13/http/server.py", line 424, in handle_one_request
    method()
    ~~~~~~^^
  File "/dev/shm/mosdns-rust-client-ecs-20261002/proof/services.py", line 26, in do_GET
    if self.path.startswith(('/api/','/plugins/','/metrics')):self.proxy()
                                                              ~~~~~~~~~~^^
  File "/usr/lib/python3.13/socket.py", line 849, in create_connection
    sock.connect(sa)
    ~~~~~~~~~~~~^^^^
ConnectionRefusedError: [Errno 111] Connection refused
ConnectionRefusedError: [Errno 111] Connection refused

During handling of the above exception, another exception occurred:

Traceback (most recent call last):
ConnectionRefusedError: [Errno 111] Connection refused
  File "/dev/shm/mosdns-rust-client-ecs-20261002/proof/services.py", line 32, in proxy
    try:response=urllib.request.urlopen(request)
                 ~~~~~~~~~~~~~~~~~~~~~~^^^^^^^^^
  File "/usr/lib/python3.13/urllib/request.py", line 189, in urlopen
    return opener.open(url, data, timeout)
           ~~~~~~~~~~~^^^^^^^^^^^^^^^^^^^^

During handling of the above exception, another exception occurred:

  File "/usr/lib/python3.13/urllib/request.py", line 489, in open
    response = self._open(req, data)
  File "/usr/lib/python3.13/socketserver.py", line 697, in process_request_thread
    self.finish_request(request, client_address)
    ~~~~~~~~~~~~~~~~~~~^^^^^^^^^^^^^^^^^^^^^^^^^
  File "/usr/lib/python3.13/socketserver.py", line 362, in finish_request
    self.RequestHandlerClass(request, client_address, self)
    ~~~~~~~~~~~~~~~~~~~~~~~~^^^^^^^^^^^^^^^^^^^^^^^^^^^^^^^
Traceback (most recent call last):

During handling of the above exception, another exception occurred:

  File "/dev/shm/mosdns-rust-client-ecs-20261002/proof/services.py", line 24, in __init__
    def __init__(self,*args,**kwargs):super().__init__(*args,directory=str(bundle),**kwargs)
                                      ~~~~~~~~~~~~~~~~^^^^^^^^^^^^^^^^^^^^^^^^^^^^^^^^^^^^^^
  File "/usr/lib/python3.13/urllib/request.py", line 506, in _open
    result = self._call_chain(self.handle_open, protocol, protocol +
                              '_open', req)
  File "/usr/lib/python3.13/urllib/request.py", line 466, in _call_chain
    result = func(*args)
  File "/usr/lib/python3.13/http/server.py", line 672, in __init__
    super().__init__(*args, **kwargs)
    ~~~~~~~~~~~~~~~~^^^^^^^^^^^^^^^^^
  File "/usr/lib/python3.13/socketserver.py", line 766, in __init__
    self.handle()
    ~~~~~~~~~~~^^
Traceback (most recent call last):
  File "/usr/lib/python3.13/urllib/request.py", line 1348, in http_open
    return self.do_open(http.client.HTTPConnection, req)
           ~~~~~~~~~~~~^^^^^^^^^^^^^^^^^^^^^^^^^^^^^^^^^
  File "/usr/lib/python3.13/http/server.py", line 436, in handle
    self.handle_one_request()
    ~~~~~~~~~~~~~~~~~~~~~~~^^
  File "/usr/lib/python3.13/http/server.py", line 424, in handle_one_request
    method()
    ~~~~~~^^
  File "/dev/shm/mosdns-rust-client-ecs-20261002/proof/services.py", line 26, in do_GET
    if self.path.startswith(('/api/','/plugins/','/metrics')):self.proxy()
                                                              ~~~~~~~~~~^^
  File "/dev/shm/mosdns-rust-client-ecs-20261002/proof/services.py", line 32, in proxy
    try:response=urllib.request.urlopen(request)
                 ~~~~~~~~~~~~~~~~~~~~~~^^^^^^^^^
  File "/usr/lib/python3.13/urllib/request.py", line 1322, in do_open
    raise URLError(err)
  File "/usr/lib/python3.13/socketserver.py", line 697, in process_request_thread
    self.finish_request(request, client_address)
    ~~~~~~~~~~~~~~~~~~~^^^^^^^^^^^^^^^^^^^^^^^^^
urllib.error.URLError: <urlopen error [Errno 111] Connection refused>
  File "/usr/lib/python3.13/urllib/request.py", line 189, in urlopen
    return opener.open(url, data, timeout)
           ~~~~~~~~~~~^^^^^^^^^^^^^^^^^^^^
  File "/usr/lib/python3.13/socketserver.py", line 362, in finish_request
    self.RequestHandlerClass(request, client_address, self)
    ~~~~~~~~~~~~~~~~~~~~~~~~^^^^^^^^^^^^^^^^^^^^^^^^^^^^^^^
  File "/usr/lib/python3.13/socketserver.py", line 697, in process_request_thread
    self.finish_request(request, client_address)
    ~~~~~~~~~~~~~~~~~~~^^^^^^^^^^^^^^^^^^^^^^^^^
----------------------------------------
  File "/dev/shm/mosdns-rust-client-ecs-20261002/proof/services.py", line 24, in __init__
    def __init__(self,*args,**kwargs):super().__init__(*args,directory=str(bundle),**kwargs)
                                      ~~~~~~~~~~~~~~~~^^^^^^^^^^^^^^^^^^^^^^^^^^^^^^^^^^^^^^
  File "/usr/lib/python3.13/http/server.py", line 672, in __init__
    super().__init__(*args, **kwargs)
    ~~~~~~~~~~~~~~~~^^^^^^^^^^^^^^^^^
  File "/usr/lib/python3.13/socketserver.py", line 766, in __init__
    self.handle()
    ~~~~~~~~~~~^^
  File "/usr/lib/python3.13/http/server.py", line 436, in handle
    self.handle_one_request()
    ~~~~~~~~~~~~~~~~~~~~~~~^^
  File "/usr/lib/python3.13/http/server.py", line 424, in handle_one_request
    method()
    ~~~~~~^^
  File "/usr/lib/python3.13/urllib/request.py", line 489, in open
    response = self._open(req, data)
  File "/dev/shm/mosdns-rust-client-ecs-20261002/proof/services.py", line 26, in do_GET
    if self.path.startswith(('/api/','/plugins/','/metrics')):self.proxy()
                                                              ~~~~~~~~~~^^
  File "/usr/lib/python3.13/urllib/request.py", line 506, in _open
    result = self._call_chain(self.handle_open, protocol, protocol +
                              '_open', req)
  File "/usr/lib/python3.13/socketserver.py", line 362, in finish_request
    self.RequestHandlerClass(request, client_address, self)
    ~~~~~~~~~~~~~~~~~~~~~~~~^^^^^^^^^^^^^^^^^^^^^^^^^^^^^^^
  File "/dev/shm/mosdns-rust-client-ecs-20261002/proof/services.py", line 32, in proxy
    try:response=urllib.request.urlopen(request)
                 ~~~~~~~~~~~~~~~~~~~~~~^^^^^^^^^
  File "/usr/lib/python3.13/urllib/request.py", line 466, in _call_chain
    result = func(*args)
  File "/usr/lib/python3.13/urllib/request.py", line 189, in urlopen
    return opener.open(url, data, timeout)
           ~~~~~~~~~~~^^^^^^^^^^^^^^^^^^^^
  File "/dev/shm/mosdns-rust-client-ecs-20261002/proof/services.py", line 24, in __init__
    def __init__(self,*args,**kwargs):super().__init__(*args,directory=str(bundle),**kwargs)
                                      ~~~~~~~~~~~~~~~~^^^^^^^^^^^^^^^^^^^^^^^^^^^^^^^^^^^^^^
  File "/usr/lib/python3.13/urllib/request.py", line 1348, in http_open
    return self.do_open(http.client.HTTPConnection, req)
           ~~~~~~~~~~~~^^^^^^^^^^^^^^^^^^^^^^^^^^^^^^^^^
  File "/usr/lib/python3.13/urllib/request.py", line 1322, in do_open
    raise URLError(err)
  File "/usr/lib/python3.13/urllib/request.py", line 489, in open
    response = self._open(req, data)
  File "/usr/lib/python3.13/http/server.py", line 672, in __init__
    super().__init__(*args, **kwargs)
    ~~~~~~~~~~~~~~~~^^^^^^^^^^^^^^^^^
  File "/usr/lib/python3.13/socketserver.py", line 766, in __init__
    self.handle()
    ~~~~~~~~~~~^^
  File "/usr/lib/python3.13/http/server.py", line 436, in handle
    self.handle_one_request()
    ~~~~~~~~~~~~~~~~~~~~~~~^^
  File "/usr/lib/python3.13/http/server.py", line 424, in handle_one_request
    method()
    ~~~~~~^^
  File "/dev/shm/mosdns-rust-client-ecs-20261002/proof/services.py", line 26, in do_GET
    if self.path.startswith(('/api/','/plugins/','/metrics')):self.proxy()
                                                              ~~~~~~~~~~^^
  File "/dev/shm/mosdns-rust-client-ecs-20261002/proof/services.py", line 32, in proxy
    try:response=urllib.request.urlopen(request)
                 ~~~~~~~~~~~~~~~~~~~~~~^^^^^^^^^
  File "/usr/lib/python3.13/urllib/request.py", line 189, in urlopen
    return opener.open(url, data, timeout)
           ~~~~~~~~~~~^^^^^^^^^^^^^^^^^^^^
  File "/usr/lib/python3.13/urllib/request.py", line 489, in open
    response = self._open(req, data)
  File "/usr/lib/python3.13/urllib/request.py", line 506, in _open
    result = self._call_chain(self.handle_open, protocol, protocol +
                              '_open', req)
  File "/usr/lib/python3.13/urllib/request.py", line 466, in _call_chain
    result = func(*args)
  File "/usr/lib/python3.13/urllib/request.py", line 1348, in http_open
    return self.do_open(http.client.HTTPConnection, req)
           ~~~~~~~~~~~~^^^^^^^^^^^^^^^^^^^^^^^^^^^^^^^^^
urllib.error.URLError: <urlopen error [Errno 111] Connection refused>
  File "/usr/lib/python3.13/urllib/request.py", line 506, in _open
    result = self._call_chain(self.handle_open, protocol, protocol +
                              '_open', req)
  File "/usr/lib/python3.13/urllib/request.py", line 466, in _call_chain
    result = func(*args)
----------------------------------------
  File "/usr/lib/python3.13/urllib/request.py", line 1322, in do_open
    raise URLError(err)
urllib.error.URLError: <urlopen error [Errno 111] Connection refused>
----------------------------------------
  File "/usr/lib/python3.13/urllib/request.py", line 1348, in http_open
    return self.do_open(http.client.HTTPConnection, req)
           ~~~~~~~~~~~~^^^^^^^^^^^^^^^^^^^^^^^^^^^^^^^^^
  File "/usr/lib/python3.13/urllib/request.py", line 1322, in do_open
    raise URLError(err)
urllib.error.URLError: <urlopen error [Errno 111] Connection refused>
----------------------------------------
----------------------------------------
Exception occurred during processing of request from ('127.0.0.1', 44224)
----------------------------------------
Exception occurred during processing of request from ('127.0.0.1', 44210)
Traceback (most recent call last):
  File "/usr/lib/python3.13/urllib/request.py", line 1319, in do_open
    h.request(req.get_method(), req.selector, req.data, headers,
    ~~~~~~~~~^^^^^^^^^^^^^^^^^^^^^^^^^^^^^^^^^^^^^^^^^^^^^^^^^^^
              encode_chunked=req.has_header('Transfer-encoding'))
              ^^^^^^^^^^^^^^^^^^^^^^^^^^^^^^^^^^^^^^^^^^^^^^^^^^^
  File "/usr/lib/python3.13/http/client.py", line 1367, in request
    self._send_request(method, url, body, headers, encode_chunked)
    ~~~~~~~~~~~~~~~~~~^^^^^^^^^^^^^^^^^^^^^^^^^^^^^^^^^^^^^^^^^^^^
  File "/usr/lib/python3.13/http/client.py", line 1413, in _send_request
    self.endheaders(body, encode_chunked=encode_chunked)
    ~~~~~~~~~~~~~~~^^^^^^^^^^^^^^^^^^^^^^^^^^^^^^^^^^^^^
----------------------------------------
  File "/usr/lib/python3.13/http/client.py", line 1362, in endheaders
    self._send_output(message_body, encode_chunked=encode_chunked)
    ~~~~~~~~~~~~~~~~~^^^^^^^^^^^^^^^^^^^^^^^^^^^^^^^^^^^^^^^^^^^^^
Exception occurred during processing of request from ('127.0.0.1', 44228)
----------------------------------------
  File "/usr/lib/python3.13/http/client.py", line 1122, in _send_output
    self.send(msg)
    ~~~~~~~~~^^^^^
Exception occurred during processing of request from ('127.0.0.1', 44230)
  File "/usr/lib/python3.13/http/client.py", line 1066, in send
    self.connect()
    ~~~~~~~~~~~~^^
Traceback (most recent call last):
Traceback (most recent call last):
  File "/usr/lib/python3.13/http/client.py", line 1032, in connect
    self.sock = self._create_connection(
                ~~~~~~~~~~~~~~~~~~~~~~~^
        (self.host,self.port), self.timeout, self.source_address)
        ^^^^^^^^^^^^^^^^^^^^^^^^^^^^^^^^^^^^^^^^^^^^^^^^^^^^^^^^^
  File "/usr/lib/python3.13/socket.py", line 864, in create_connection
    raise exceptions[0]
Traceback (most recent call last):
  File "/usr/lib/python3.13/urllib/request.py", line 1319, in do_open
    h.request(req.get_method(), req.selector, req.data, headers,
    ~~~~~~~~~^^^^^^^^^^^^^^^^^^^^^^^^^^^^^^^^^^^^^^^^^^^^^^^^^^^
              encode_chunked=req.has_header('Transfer-encoding'))
              ^^^^^^^^^^^^^^^^^^^^^^^^^^^^^^^^^^^^^^^^^^^^^^^^^^^
  File "/usr/lib/python3.13/urllib/request.py", line 1319, in do_open
    h.request(req.get_method(), req.selector, req.data, headers,
    ~~~~~~~~~^^^^^^^^^^^^^^^^^^^^^^^^^^^^^^^^^^^^^^^^^^^^^^^^^^^
              encode_chunked=req.has_header('Transfer-encoding'))
              ^^^^^^^^^^^^^^^^^^^^^^^^^^^^^^^^^^^^^^^^^^^^^^^^^^^
  File "/usr/lib/python3.13/socket.py", line 849, in create_connection
    sock.connect(sa)
    ~~~~~~~~~~~~^^^^
ConnectionRefusedError: [Errno 111] Connection refused
  File "/usr/lib/python3.13/urllib/request.py", line 1319, in do_open
    h.request(req.get_method(), req.selector, req.data, headers,
    ~~~~~~~~~^^^^^^^^^^^^^^^^^^^^^^^^^^^^^^^^^^^^^^^^^^^^^^^^^^^
              encode_chunked=req.has_header('Transfer-encoding'))
              ^^^^^^^^^^^^^^^^^^^^^^^^^^^^^^^^^^^^^^^^^^^^^^^^^^^

During handling of the above exception, another exception occurred:

  File "/usr/lib/python3.13/http/client.py", line 1367, in request
    self._send_request(method, url, body, headers, encode_chunked)
    ~~~~~~~~~~~~~~~~~~^^^^^^^^^^^^^^^^^^^^^^^^^^^^^^^^^^^^^^^^^^^^
  File "/usr/lib/python3.13/http/client.py", line 1413, in _send_request
    self.endheaders(body, encode_chunked=encode_chunked)
    ~~~~~~~~~~~~~~~^^^^^^^^^^^^^^^^^^^^^^^^^^^^^^^^^^^^^
  File "/usr/lib/python3.13/http/client.py", line 1362, in endheaders
    self._send_output(message_body, encode_chunked=encode_chunked)
    ~~~~~~~~~~~~~~~~~^^^^^^^^^^^^^^^^^^^^^^^^^^^^^^^^^^^^^^^^^^^^^
  File "/usr/lib/python3.13/http/client.py", line 1367, in request
    self._send_request(method, url, body, headers, encode_chunked)
    ~~~~~~~~~~~~~~~~~~^^^^^^^^^^^^^^^^^^^^^^^^^^^^^^^^^^^^^^^^^^^^
Traceback (most recent call last):
  File "/usr/lib/python3.13/http/client.py", line 1367, in request
    self._send_request(method, url, body, headers, encode_chunked)
    ~~~~~~~~~~~~~~~~~~^^^^^^^^^^^^^^^^^^^^^^^^^^^^^^^^^^^^^^^^^^^^
  File "/usr/lib/python3.13/http/client.py", line 1413, in _send_request
    self.endheaders(body, encode_chunked=encode_chunked)
    ~~~~~~~~~~~~~~~^^^^^^^^^^^^^^^^^^^^^^^^^^^^^^^^^^^^^
  File "/usr/lib/python3.13/http/client.py", line 1122, in _send_output
    self.send(msg)
    ~~~~~~~~~^^^^^
  File "/usr/lib/python3.13/http/client.py", line 1066, in send
    self.connect()
    ~~~~~~~~~~~~^^
  File "/usr/lib/python3.13/http/client.py", line 1413, in _send_request
    self.endheaders(body, encode_chunked=encode_chunked)
    ~~~~~~~~~~~~~~~^^^^^^^^^^^^^^^^^^^^^^^^^^^^^^^^^^^^^
  File "/usr/lib/python3.13/http/client.py", line 1032, in connect
    self.sock = self._create_connection(
                ~~~~~~~~~~~~~~~~~~~~~~~^
        (self.host,self.port), self.timeout, self.source_address)
        ^^^^^^^^^^^^^^^^^^^^^^^^^^^^^^^^^^^^^^^^^^^^^^^^^^^^^^^^^
  File "/usr/lib/python3.13/http/client.py", line 1362, in endheaders
    self._send_output(message_body, encode_chunked=encode_chunked)
    ~~~~~~~~~~~~~~~~~^^^^^^^^^^^^^^^^^^^^^^^^^^^^^^^^^^^^^^^^^^^^^
  File "/usr/lib/python3.13/http/client.py", line 1362, in endheaders
    self._send_output(message_body, encode_chunked=encode_chunked)
    ~~~~~~~~~~~~~~~~~^^^^^^^^^^^^^^^^^^^^^^^^^^^^^^^^^^^^^^^^^^^^^
  File "/usr/lib/python3.13/http/client.py", line 1122, in _send_output
    self.send(msg)
    ~~~~~~~~~^^^^^
  File "/usr/lib/python3.13/http/client.py", line 1122, in _send_output
    self.send(msg)
    ~~~~~~~~~^^^^^
  File "/usr/lib/python3.13/socket.py", line 864, in create_connection
    raise exceptions[0]
  File "/usr/lib/python3.13/http/client.py", line 1066, in send
    self.connect()
    ~~~~~~~~~~~~^^
  File "/usr/lib/python3.13/http/client.py", line 1032, in connect
    self.sock = self._create_connection(
                ~~~~~~~~~~~~~~~~~~~~~~~^
        (self.host,self.port), self.timeout, self.source_address)
        ^^^^^^^^^^^^^^^^^^^^^^^^^^^^^^^^^^^^^^^^^^^^^^^^^^^^^^^^^
  File "/usr/lib/python3.13/socket.py", line 864, in create_connection
    raise exceptions[0]
  File "/usr/lib/python3.13/socket.py", line 849, in create_connection
    sock.connect(sa)
    ~~~~~~~~~~~~^^^^
ConnectionRefusedError: [Errno 111] Connection refused
  File "/usr/lib/python3.13/socket.py", line 849, in create_connection
    sock.connect(sa)
    ~~~~~~~~~~~~^^^^
  File "/usr/lib/python3.13/http/client.py", line 1066, in send
    self.connect()
    ~~~~~~~~~~~~^^
  File "/usr/lib/python3.13/socketserver.py", line 697, in process_request_thread
    self.finish_request(request, client_address)
    ~~~~~~~~~~~~~~~~~~~^^^^^^^^^^^^^^^^^^^^^^^^^
  File "/usr/lib/python3.13/socketserver.py", line 362, in finish_request
    self.RequestHandlerClass(request, client_address, self)
    ~~~~~~~~~~~~~~~~~~~~~~~~^^^^^^^^^^^^^^^^^^^^^^^^^^^^^^^
  File "/dev/shm/mosdns-rust-client-ecs-20261002/proof/services.py", line 24, in __init__
    def __init__(self,*args,**kwargs):super().__init__(*args,directory=str(bundle),**kwargs)
                                      ~~~~~~~~~~~~~~~~^^^^^^^^^^^^^^^^^^^^^^^^^^^^^^^^^^^^^^
  File "/usr/lib/python3.13/http/client.py", line 1032, in connect
    self.sock = self._create_connection(
                ~~~~~~~~~~~~~~~~~~~~~~~^
        (self.host,self.port), self.timeout, self.source_address)
        ^^^^^^^^^^^^^^^^^^^^^^^^^^^^^^^^^^^^^^^^^^^^^^^^^^^^^^^^^
ConnectionRefusedError: [Errno 111] Connection refused

During handling of the above exception, another exception occurred:

  File "/usr/lib/python3.13/socket.py", line 864, in create_connection
    raise exceptions[0]
Traceback (most recent call last):
  File "/usr/lib/python3.13/http/server.py", line 672, in __init__
    super().__init__(*args, **kwargs)
    ~~~~~~~~~~~~~~~~^^^^^^^^^^^^^^^^^
  File "/usr/lib/python3.13/socket.py", line 849, in create_connection
    sock.connect(sa)
    ~~~~~~~~~~~~^^^^
  File "/usr/lib/python3.13/socketserver.py", line 766, in __init__
    self.handle()
    ~~~~~~~~~~~^^

During handling of the above exception, another exception occurred:

Traceback (most recent call last):
ConnectionRefusedError: [Errno 111] Connection refused
  File "/usr/lib/python3.13/socketserver.py", line 697, in process_request_thread
    self.finish_request(request, client_address)
    ~~~~~~~~~~~~~~~~~~~^^^^^^^^^^^^^^^^^^^^^^^^^
  File "/usr/lib/python3.13/http/server.py", line 436, in handle
    self.handle_one_request()
    ~~~~~~~~~~~~~~~~~~~~~~~^^
  File "/usr/lib/python3.13/socketserver.py", line 697, in process_request_thread
    self.finish_request(request, client_address)
    ~~~~~~~~~~~~~~~~~~~^^^^^^^^^^^^^^^^^^^^^^^^^
  File "/usr/lib/python3.13/http/server.py", line 424, in handle_one_request
    method()
    ~~~~~~^^

During handling of the above exception, another exception occurred:

  File "/usr/lib/python3.13/socketserver.py", line 362, in finish_request
    self.RequestHandlerClass(request, client_address, self)
    ~~~~~~~~~~~~~~~~~~~~~~~~^^^^^^^^^^^^^^^^^^^^^^^^^^^^^^^
Traceback (most recent call last):
  File "/dev/shm/mosdns-rust-client-ecs-20261002/proof/services.py", line 26, in do_GET
    if self.path.startswith(('/api/','/plugins/','/metrics')):self.proxy()
                                                              ~~~~~~~~~~^^
  File "/usr/lib/python3.13/socketserver.py", line 697, in process_request_thread
    self.finish_request(request, client_address)
    ~~~~~~~~~~~~~~~~~~~^^^^^^^^^^^^^^^^^^^^^^^^^
  File "/usr/lib/python3.13/socketserver.py", line 362, in finish_request
    self.RequestHandlerClass(request, client_address, self)
    ~~~~~~~~~~~~~~~~~~~~~~~~^^^^^^^^^^^^^^^^^^^^^^^^^^^^^^^
  File "/dev/shm/mosdns-rust-client-ecs-20261002/proof/services.py", line 32, in proxy
    try:response=urllib.request.urlopen(request)
                 ~~~~~~~~~~~~~~~~~~~~~~^^^^^^^^^
  File "/usr/lib/python3.13/urllib/request.py", line 189, in urlopen
    return opener.open(url, data, timeout)
           ~~~~~~~~~~~^^^^^^^^^^^^^^^^^^^^
  File "/usr/lib/python3.13/socketserver.py", line 362, in finish_request
    self.RequestHandlerClass(request, client_address, self)
    ~~~~~~~~~~~~~~~~~~~~~~~~^^^^^^^^^^^^^^^^^^^^^^^^^^^^^^^
  File "/usr/lib/python3.13/urllib/request.py", line 489, in open
    response = self._open(req, data)
  File "/dev/shm/mosdns-rust-client-ecs-20261002/proof/services.py", line 24, in __init__
    def __init__(self,*args,**kwargs):super().__init__(*args,directory=str(bundle),**kwargs)
                                      ~~~~~~~~~~~~~~~~^^^^^^^^^^^^^^^^^^^^^^^^^^^^^^^^^^^^^^
  File "/usr/lib/python3.13/http/server.py", line 672, in __init__
    super().__init__(*args, **kwargs)
    ~~~~~~~~~~~~~~~~^^^^^^^^^^^^^^^^^
  File "/usr/lib/python3.13/urllib/request.py", line 506, in _open
    result = self._call_chain(self.handle_open, protocol, protocol +
                              '_open', req)
  File "/usr/lib/python3.13/socketserver.py", line 766, in __init__
    self.handle()
    ~~~~~~~~~~~^^
  File "/dev/shm/mosdns-rust-client-ecs-20261002/proof/services.py", line 24, in __init__
    def __init__(self,*args,**kwargs):super().__init__(*args,directory=str(bundle),**kwargs)
                                      ~~~~~~~~~~~~~~~~^^^^^^^^^^^^^^^^^^^^^^^^^^^^^^^^^^^^^^
  File "/usr/lib/python3.13/http/server.py", line 672, in __init__
    super().__init__(*args, **kwargs)
    ~~~~~~~~~~~~~~~~^^^^^^^^^^^^^^^^^
  File "/dev/shm/mosdns-rust-client-ecs-20261002/proof/services.py", line 24, in __init__
    def __init__(self,*args,**kwargs):super().__init__(*args,directory=str(bundle),**kwargs)
                                      ~~~~~~~~~~~~~~~~^^^^^^^^^^^^^^^^^^^^^^^^^^^^^^^^^^^^^^
  File "/usr/lib/python3.13/http/server.py", line 672, in __init__
    super().__init__(*args, **kwargs)
    ~~~~~~~~~~~~~~~~^^^^^^^^^^^^^^^^^
  File "/usr/lib/python3.13/socketserver.py", line 766, in __init__
    self.handle()
    ~~~~~~~~~~~^^
  File "/usr/lib/python3.13/urllib/request.py", line 466, in _call_chain
    result = func(*args)
  File "/usr/lib/python3.13/urllib/request.py", line 1348, in http_open
    return self.do_open(http.client.HTTPConnection, req)
           ~~~~~~~~~~~~^^^^^^^^^^^^^^^^^^^^^^^^^^^^^^^^^
  File "/usr/lib/python3.13/http/server.py", line 436, in handle
    self.handle_one_request()
    ~~~~~~~~~~~~~~~~~~~~~~~^^
  File "/usr/lib/python3.13/http/server.py", line 424, in handle_one_request
    method()
    ~~~~~~^^
  File "/usr/lib/python3.13/urllib/request.py", line 1322, in do_open
    raise URLError(err)
  File "/usr/lib/python3.13/socketserver.py", line 766, in __init__
    self.handle()
    ~~~~~~~~~~~^^
  File "/usr/lib/python3.13/http/server.py", line 436, in handle
    self.handle_one_request()
    ~~~~~~~~~~~~~~~~~~~~~~~^^
  File "/usr/lib/python3.13/http/server.py", line 424, in handle_one_request
    method()
    ~~~~~~^^
urllib.error.URLError: <urlopen error [Errno 111] Connection refused>
  File "/dev/shm/mosdns-rust-client-ecs-20261002/proof/services.py", line 26, in do_GET
    if self.path.startswith(('/api/','/plugins/','/metrics')):self.proxy()
                                                              ~~~~~~~~~~^^
  File "/usr/lib/python3.13/http/server.py", line 436, in handle
    self.handle_one_request()
    ~~~~~~~~~~~~~~~~~~~~~~~^^
  File "/usr/lib/python3.13/http/server.py", line 424, in handle_one_request
    method()
    ~~~~~~^^
  File "/dev/shm/mosdns-rust-client-ecs-20261002/proof/services.py", line 32, in proxy
    try:response=urllib.request.urlopen(request)
                 ~~~~~~~~~~~~~~~~~~~~~~^^^^^^^^^
  File "/dev/shm/mosdns-rust-client-ecs-20261002/proof/services.py", line 26, in do_GET
    if self.path.startswith(('/api/','/plugins/','/metrics')):self.proxy()
                                                              ~~~~~~~~~~^^
----------------------------------------
  File "/dev/shm/mosdns-rust-client-ecs-20261002/proof/services.py", line 32, in proxy
    try:response=urllib.request.urlopen(request)
                 ~~~~~~~~~~~~~~~~~~~~~~^^^^^^^^^
  File "/usr/lib/python3.13/urllib/request.py", line 189, in urlopen
    return opener.open(url, data, timeout)
           ~~~~~~~~~~~^^^^^^^^^^^^^^^^^^^^
  File "/dev/shm/mosdns-rust-client-ecs-20261002/proof/services.py", line 26, in do_GET
    if self.path.startswith(('/api/','/plugins/','/metrics')):self.proxy()
                                                              ~~~~~~~~~~^^
  File "/dev/shm/mosdns-rust-client-ecs-20261002/proof/services.py", line 32, in proxy
    try:response=urllib.request.urlopen(request)
                 ~~~~~~~~~~~~~~~~~~~~~~^^^^^^^^^
  File "/usr/lib/python3.13/urllib/request.py", line 489, in open
    response = self._open(req, data)
  File "/usr/lib/python3.13/urllib/request.py", line 189, in urlopen
    return opener.open(url, data, timeout)
           ~~~~~~~~~~~^^^^^^^^^^^^^^^^^^^^
  File "/usr/lib/python3.13/urllib/request.py", line 189, in urlopen
    return opener.open(url, data, timeout)
           ~~~~~~~~~~~^^^^^^^^^^^^^^^^^^^^
  File "/usr/lib/python3.13/urllib/request.py", line 489, in open
    response = self._open(req, data)
  File "/usr/lib/python3.13/urllib/request.py", line 506, in _open
    result = self._call_chain(self.handle_open, protocol, protocol +
                              '_open', req)
  File "/usr/lib/python3.13/urllib/request.py", line 466, in _call_chain
    result = func(*args)
  File "/usr/lib/python3.13/urllib/request.py", line 1348, in http_open
    return self.do_open(http.client.HTTPConnection, req)
           ~~~~~~~~~~~~^^^^^^^^^^^^^^^^^^^^^^^^^^^^^^^^^
  File "/usr/lib/python3.13/urllib/request.py", line 1322, in do_open
    raise URLError(err)
  File "/usr/lib/python3.13/urllib/request.py", line 489, in open
    response = self._open(req, data)
  File "/usr/lib/python3.13/urllib/request.py", line 506, in _open
    result = self._call_chain(self.handle_open, protocol, protocol +
                              '_open', req)
  File "/usr/lib/python3.13/urllib/request.py", line 466, in _call_chain
    result = func(*args)
  File "/usr/lib/python3.13/urllib/request.py", line 1348, in http_open
    return self.do_open(http.client.HTTPConnection, req)
           ~~~~~~~~~~~~^^^^^^^^^^^^^^^^^^^^^^^^^^^^^^^^^
  File "/usr/lib/python3.13/urllib/request.py", line 1322, in do_open
    raise URLError(err)
urllib.error.URLError: <urlopen error [Errno 111] Connection refused>
----------------------------------------
  File "/usr/lib/python3.13/urllib/request.py", line 506, in _open
    result = self._call_chain(self.handle_open, protocol, protocol +
                              '_open', req)
  File "/usr/lib/python3.13/urllib/request.py", line 466, in _call_chain
    result = func(*args)
  File "/usr/lib/python3.13/urllib/request.py", line 1348, in http_open
    return self.do_open(http.client.HTTPConnection, req)
           ~~~~~~~~~~~~^^^^^^^^^^^^^^^^^^^^^^^^^^^^^^^^^
  File "/usr/lib/python3.13/urllib/request.py", line 1322, in do_open
    raise URLError(err)
urllib.error.URLError: <urlopen error [Errno 111] Connection refused>
----------------------------------------
urllib.error.URLError: <urlopen error [Errno 111] Connection refused>
----------------------------------------
----------------------------------------
Exception occurred during processing of request from ('127.0.0.1', 44264)
----------------------------------------
----------------------------------------
Exception occurred during processing of request from ('127.0.0.1', 44250)
Traceback (most recent call last):
Exception occurred during processing of request from ('127.0.0.1', 44236)
  File "/usr/lib/python3.13/urllib/request.py", line 1319, in do_open
    h.request(req.get_method(), req.selector, req.data, headers,
    ~~~~~~~~~^^^^^^^^^^^^^^^^^^^^^^^^^^^^^^^^^^^^^^^^^^^^^^^^^^^
              encode_chunked=req.has_header('Transfer-encoding'))
              ^^^^^^^^^^^^^^^^^^^^^^^^^^^^^^^^^^^^^^^^^^^^^^^^^^^
Traceback (most recent call last):
  File "/usr/lib/python3.13/http/client.py", line 1367, in request
    self._send_request(method, url, body, headers, encode_chunked)
    ~~~~~~~~~~~~~~~~~~^^^^^^^^^^^^^^^^^^^^^^^^^^^^^^^^^^^^^^^^^^^^
----------------------------------------
  File "/usr/lib/python3.13/urllib/request.py", line 1319, in do_open
    h.request(req.get_method(), req.selector, req.data, headers,
    ~~~~~~~~~^^^^^^^^^^^^^^^^^^^^^^^^^^^^^^^^^^^^^^^^^^^^^^^^^^^
              encode_chunked=req.has_header('Transfer-encoding'))
              ^^^^^^^^^^^^^^^^^^^^^^^^^^^^^^^^^^^^^^^^^^^^^^^^^^^
  File "/usr/lib/python3.13/http/client.py", line 1367, in request
    self._send_request(method, url, body, headers, encode_chunked)
    ~~~~~~~~~~~~~~~~~~^^^^^^^^^^^^^^^^^^^^^^^^^^^^^^^^^^^^^^^^^^^^
  File "/usr/lib/python3.13/http/client.py", line 1413, in _send_request
    self.endheaders(body, encode_chunked=encode_chunked)
    ~~~~~~~~~~~~~~~^^^^^^^^^^^^^^^^^^^^^^^^^^^^^^^^^^^^^
Exception occurred during processing of request from ('127.0.0.1', 44280)
Traceback (most recent call last):
  File "/usr/lib/python3.13/http/client.py", line 1413, in _send_request
    self.endheaders(body, encode_chunked=encode_chunked)
    ~~~~~~~~~~~~~~~^^^^^^^^^^^^^^^^^^^^^^^^^^^^^^^^^^^^^
  File "/usr/lib/python3.13/http/client.py", line 1362, in endheaders
    self._send_output(message_body, encode_chunked=encode_chunked)
    ~~~~~~~~~~~~~~~~~^^^^^^^^^^^^^^^^^^^^^^^^^^^^^^^^^^^^^^^^^^^^^
  File "/usr/lib/python3.13/http/client.py", line 1122, in _send_output
    self.send(msg)
    ~~~~~~~~~^^^^^
  File "/usr/lib/python3.13/http/client.py", line 1066, in send
    self.connect()
    ~~~~~~~~~~~~^^
  File "/usr/lib/python3.13/urllib/request.py", line 1319, in do_open
    h.request(req.get_method(), req.selector, req.data, headers,
    ~~~~~~~~~^^^^^^^^^^^^^^^^^^^^^^^^^^^^^^^^^^^^^^^^^^^^^^^^^^^
              encode_chunked=req.has_header('Transfer-encoding'))
              ^^^^^^^^^^^^^^^^^^^^^^^^^^^^^^^^^^^^^^^^^^^^^^^^^^^
  File "/usr/lib/python3.13/http/client.py", line 1362, in endheaders
    self._send_output(message_body, encode_chunked=encode_chunked)
    ~~~~~~~~~~~~~~~~~^^^^^^^^^^^^^^^^^^^^^^^^^^^^^^^^^^^^^^^^^^^^^
  File "/usr/lib/python3.13/http/client.py", line 1032, in connect
    self.sock = self._create_connection(
                ~~~~~~~~~~~~~~~~~~~~~~~^
        (self.host,self.port), self.timeout, self.source_address)
        ^^^^^^^^^^^^^^^^^^^^^^^^^^^^^^^^^^^^^^^^^^^^^^^^^^^^^^^^^
  File "/usr/lib/python3.13/http/client.py", line 1367, in request
    self._send_request(method, url, body, headers, encode_chunked)
    ~~~~~~~~~~~~~~~~~~^^^^^^^^^^^^^^^^^^^^^^^^^^^^^^^^^^^^^^^^^^^^
Traceback (most recent call last):
  File "/usr/lib/python3.13/http/client.py", line 1122, in _send_output
    self.send(msg)
    ~~~~~~~~~^^^^^
  File "/usr/lib/python3.13/socket.py", line 864, in create_connection
    raise exceptions[0]
  File "/usr/lib/python3.13/socket.py", line 849, in create_connection
    sock.connect(sa)
    ~~~~~~~~~~~~^^^^
  File "/usr/lib/python3.13/urllib/request.py", line 1319, in do_open
    h.request(req.get_method(), req.selector, req.data, headers,
    ~~~~~~~~~^^^^^^^^^^^^^^^^^^^^^^^^^^^^^^^^^^^^^^^^^^^^^^^^^^^
              encode_chunked=req.has_header('Transfer-encoding'))
              ^^^^^^^^^^^^^^^^^^^^^^^^^^^^^^^^^^^^^^^^^^^^^^^^^^^
  File "/usr/lib/python3.13/http/client.py", line 1413, in _send_request
    self.endheaders(body, encode_chunked=encode_chunked)
    ~~~~~~~~~~~~~~~^^^^^^^^^^^^^^^^^^^^^^^^^^^^^^^^^^^^^
  File "/usr/lib/python3.13/http/client.py", line 1362, in endheaders
    self._send_output(message_body, encode_chunked=encode_chunked)
    ~~~~~~~~~~~~~~~~~^^^^^^^^^^^^^^^^^^^^^^^^^^^^^^^^^^^^^^^^^^^^^
  File "/usr/lib/python3.13/http/client.py", line 1066, in send
    self.connect()
    ~~~~~~~~~~~~^^
ConnectionRefusedError: [Errno 111] Connection refused
  File "/usr/lib/python3.13/http/client.py", line 1367, in request
    self._send_request(method, url, body, headers, encode_chunked)
    ~~~~~~~~~~~~~~~~~~^^^^^^^^^^^^^^^^^^^^^^^^^^^^^^^^^^^^^^^^^^^^
  File "/usr/lib/python3.13/http/client.py", line 1122, in _send_output
    self.send(msg)
    ~~~~~~~~~^^^^^
  File "/usr/lib/python3.13/http/client.py", line 1066, in send
    self.connect()
    ~~~~~~~~~~~~^^

During handling of the above exception, another exception occurred:

  File "/usr/lib/python3.13/http/client.py", line 1032, in connect
    self.sock = self._create_connection(
                ~~~~~~~~~~~~~~~~~~~~~~~^
        (self.host,self.port), self.timeout, self.source_address)
        ^^^^^^^^^^^^^^^^^^^^^^^^^^^^^^^^^^^^^^^^^^^^^^^^^^^^^^^^^
  File "/usr/lib/python3.13/http/client.py", line 1032, in connect
    self.sock = self._create_connection(
                ~~~~~~~~~~~~~~~~~~~~~~~^
        (self.host,self.port), self.timeout, self.source_address)
        ^^^^^^^^^^^^^^^^^^^^^^^^^^^^^^^^^^^^^^^^^^^^^^^^^^^^^^^^^
  File "/usr/lib/python3.13/http/client.py", line 1413, in _send_request
    self.endheaders(body, encode_chunked=encode_chunked)
    ~~~~~~~~~~~~~~~^^^^^^^^^^^^^^^^^^^^^^^^^^^^^^^^^^^^^
  File "/usr/lib/python3.13/http/client.py", line 1362, in endheaders
    self._send_output(message_body, encode_chunked=encode_chunked)
    ~~~~~~~~~~~~~~~~~^^^^^^^^^^^^^^^^^^^^^^^^^^^^^^^^^^^^^^^^^^^^^
  File "/usr/lib/python3.13/http/client.py", line 1122, in _send_output
    self.send(msg)
    ~~~~~~~~~^^^^^
  File "/usr/lib/python3.13/http/client.py", line 1066, in send
    self.connect()
    ~~~~~~~~~~~~^^
  File "/usr/lib/python3.13/socket.py", line 864, in create_connection
    raise exceptions[0]
  File "/usr/lib/python3.13/http/client.py", line 1032, in connect
    self.sock = self._create_connection(
                ~~~~~~~~~~~~~~~~~~~~~~~^
        (self.host,self.port), self.timeout, self.source_address)
        ^^^^^^^^^^^^^^^^^^^^^^^^^^^^^^^^^^^^^^^^^^^^^^^^^^^^^^^^^
  File "/usr/lib/python3.13/socket.py", line 864, in create_connection
    raise exceptions[0]
Traceback (most recent call last):
  File "/usr/lib/python3.13/socket.py", line 864, in create_connection
    raise exceptions[0]
  File "/usr/lib/python3.13/socket.py", line 849, in create_connection
    sock.connect(sa)
    ~~~~~~~~~~~~^^^^
  File "/usr/lib/python3.13/socket.py", line 849, in create_connection
    sock.connect(sa)
    ~~~~~~~~~~~~^^^^
  File "/usr/lib/python3.13/socket.py", line 849, in create_connection
    sock.connect(sa)
    ~~~~~~~~~~~~^^^^
  File "/usr/lib/python3.13/socketserver.py", line 697, in process_request_thread
    self.finish_request(request, client_address)
    ~~~~~~~~~~~~~~~~~~~^^^^^^^^^^^^^^^^^^^^^^^^^
ConnectionRefusedError: [Errno 111] Connection refused
ConnectionRefusedError: [Errno 111] Connection refused

During handling of the above exception, another exception occurred:

ConnectionRefusedError: [Errno 111] Connection refused
  File "/usr/lib/python3.13/socketserver.py", line 362, in finish_request
    self.RequestHandlerClass(request, client_address, self)
    ~~~~~~~~~~~~~~~~~~~~~~~~^^^^^^^^^^^^^^^^^^^^^^^^^^^^^^^

During handling of the above exception, another exception occurred:

Traceback (most recent call last):

During handling of the above exception, another exception occurred:

  File "/usr/lib/python3.13/socketserver.py", line 697, in process_request_thread
    self.finish_request(request, client_address)
    ~~~~~~~~~~~~~~~~~~~^^^^^^^^^^^^^^^^^^^^^^^^^
Traceback (most recent call last):
  File "/dev/shm/mosdns-rust-client-ecs-20261002/proof/services.py", line 24, in __init__
    def __init__(self,*args,**kwargs):super().__init__(*args,directory=str(bundle),**kwargs)
                                      ~~~~~~~~~~~~~~~~^^^^^^^^^^^^^^^^^^^^^^^^^^^^^^^^^^^^^^
  File "/usr/lib/python3.13/socketserver.py", line 697, in process_request_thread
    self.finish_request(request, client_address)
    ~~~~~~~~~~~~~~~~~~~^^^^^^^^^^^^^^^^^^^^^^^^^
  File "/usr/lib/python3.13/socketserver.py", line 362, in finish_request
    self.RequestHandlerClass(request, client_address, self)
    ~~~~~~~~~~~~~~~~~~~~~~~~^^^^^^^^^^^^^^^^^^^^^^^^^^^^^^^
  File "/usr/lib/python3.13/http/server.py", line 672, in __init__
    super().__init__(*args, **kwargs)
    ~~~~~~~~~~~~~~~~^^^^^^^^^^^^^^^^^
Traceback (most recent call last):
  File "/usr/lib/python3.13/socketserver.py", line 362, in finish_request
    self.RequestHandlerClass(request, client_address, self)
    ~~~~~~~~~~~~~~~~~~~~~~~~^^^^^^^^^^^^^^^^^^^^^^^^^^^^^^^
  File "/dev/shm/mosdns-rust-client-ecs-20261002/proof/services.py", line 24, in __init__
    def __init__(self,*args,**kwargs):super().__init__(*args,directory=str(bundle),**kwargs)
                                      ~~~~~~~~~~~~~~~~^^^^^^^^^^^^^^^^^^^^^^^^^^^^^^^^^^^^^^
  File "/dev/shm/mosdns-rust-client-ecs-20261002/proof/services.py", line 24, in __init__
    def __init__(self,*args,**kwargs):super().__init__(*args,directory=str(bundle),**kwargs)
                                      ~~~~~~~~~~~~~~~~^^^^^^^^^^^^^^^^^^^^^^^^^^^^^^^^^^^^^^
  File "/usr/lib/python3.13/http/server.py", line 672, in __init__
    super().__init__(*args, **kwargs)
    ~~~~~~~~~~~~~~~~^^^^^^^^^^^^^^^^^
  File "/usr/lib/python3.13/socketserver.py", line 697, in process_request_thread
    self.finish_request(request, client_address)
    ~~~~~~~~~~~~~~~~~~~^^^^^^^^^^^^^^^^^^^^^^^^^
  File "/usr/lib/python3.13/http/server.py", line 672, in __init__
    super().__init__(*args, **kwargs)
    ~~~~~~~~~~~~~~~~^^^^^^^^^^^^^^^^^
  File "/usr/lib/python3.13/socketserver.py", line 766, in __init__
    self.handle()
    ~~~~~~~~~~~^^
  File "/usr/lib/python3.13/socketserver.py", line 766, in __init__
    self.handle()
    ~~~~~~~~~~~^^
  File "/usr/lib/python3.13/socketserver.py", line 362, in finish_request
    self.RequestHandlerClass(request, client_address, self)
    ~~~~~~~~~~~~~~~~~~~~~~~~^^^^^^^^^^^^^^^^^^^^^^^^^^^^^^^
  File "/dev/shm/mosdns-rust-client-ecs-20261002/proof/services.py", line 24, in __init__
    def __init__(self,*args,**kwargs):super().__init__(*args,directory=str(bundle),**kwargs)
                                      ~~~~~~~~~~~~~~~~^^^^^^^^^^^^^^^^^^^^^^^^^^^^^^^^^^^^^^
  File "/usr/lib/python3.13/http/server.py", line 436, in handle
    self.handle_one_request()
    ~~~~~~~~~~~~~~~~~~~~~~~^^
  File "/usr/lib/python3.13/http/server.py", line 424, in handle_one_request
    method()
    ~~~~~~^^
  File "/dev/shm/mosdns-rust-client-ecs-20261002/proof/services.py", line 26, in do_GET
    if self.path.startswith(('/api/','/plugins/','/metrics')):self.proxy()
                                                              ~~~~~~~~~~^^
  File "/dev/shm/mosdns-rust-client-ecs-20261002/proof/services.py", line 32, in proxy
    try:response=urllib.request.urlopen(request)
                 ~~~~~~~~~~~~~~~~~~~~~~^^^^^^^^^
  File "/usr/lib/python3.13/http/server.py", line 436, in handle
    self.handle_one_request()
    ~~~~~~~~~~~~~~~~~~~~~~~^^
  File "/usr/lib/python3.13/http/server.py", line 672, in __init__
    super().__init__(*args, **kwargs)
    ~~~~~~~~~~~~~~~~^^^^^^^^^^^^^^^^^
  File "/usr/lib/python3.13/socketserver.py", line 766, in __init__
    self.handle()
    ~~~~~~~~~~~^^
  File "/usr/lib/python3.13/http/server.py", line 436, in handle
    self.handle_one_request()
    ~~~~~~~~~~~~~~~~~~~~~~~^^
  File "/usr/lib/python3.13/http/server.py", line 424, in handle_one_request
    method()
    ~~~~~~^^
  File "/dev/shm/mosdns-rust-client-ecs-20261002/proof/services.py", line 26, in do_GET
    if self.path.startswith(('/api/','/plugins/','/metrics')):self.proxy()
                                                              ~~~~~~~~~~^^
  File "/dev/shm/mosdns-rust-client-ecs-20261002/proof/services.py", line 32, in proxy
    try:response=urllib.request.urlopen(request)
                 ~~~~~~~~~~~~~~~~~~~~~~^^^^^^^^^
  File "/usr/lib/python3.13/socketserver.py", line 766, in __init__
    self.handle()
    ~~~~~~~~~~~^^
  File "/usr/lib/python3.13/urllib/request.py", line 189, in urlopen
    return opener.open(url, data, timeout)
           ~~~~~~~~~~~^^^^^^^^^^^^^^^^^^^^
  File "/usr/lib/python3.13/urllib/request.py", line 189, in urlopen
    return opener.open(url, data, timeout)
           ~~~~~~~~~~~^^^^^^^^^^^^^^^^^^^^
  File "/usr/lib/python3.13/http/server.py", line 436, in handle
    self.handle_one_request()
    ~~~~~~~~~~~~~~~~~~~~~~~^^
  File "/usr/lib/python3.13/http/server.py", line 424, in handle_one_request
    method()
    ~~~~~~^^
  File "/usr/lib/python3.13/urllib/request.py", line 489, in open
    response = self._open(req, data)
  File "/dev/shm/mosdns-rust-client-ecs-20261002/proof/services.py", line 26, in do_GET
    if self.path.startswith(('/api/','/plugins/','/metrics')):self.proxy()
                                                              ~~~~~~~~~~^^
  File "/usr/lib/python3.13/urllib/request.py", line 506, in _open
    result = self._call_chain(self.handle_open, protocol, protocol +
                              '_open', req)
  File "/usr/lib/python3.13/urllib/request.py", line 466, in _call_chain
    result = func(*args)
  File "/dev/shm/mosdns-rust-client-ecs-20261002/proof/services.py", line 32, in proxy
    try:response=urllib.request.urlopen(request)
                 ~~~~~~~~~~~~~~~~~~~~~~^^^^^^^^^
  File "/usr/lib/python3.13/urllib/request.py", line 189, in urlopen
    return opener.open(url, data, timeout)
           ~~~~~~~~~~~^^^^^^^^^^^^^^^^^^^^
  File "/usr/lib/python3.13/urllib/request.py", line 489, in open
    response = self._open(req, data)
  File "/usr/lib/python3.13/urllib/request.py", line 489, in open
    response = self._open(req, data)
  File "/usr/lib/python3.13/urllib/request.py", line 506, in _open
    result = self._call_chain(self.handle_open, protocol, protocol +
                              '_open', req)
  File "/usr/lib/python3.13/http/server.py", line 424, in handle_one_request
    method()
    ~~~~~~^^
  File "/usr/lib/python3.13/urllib/request.py", line 506, in _open
    result = self._call_chain(self.handle_open, protocol, protocol +
                              '_open', req)
  File "/usr/lib/python3.13/urllib/request.py", line 1348, in http_open
    return self.do_open(http.client.HTTPConnection, req)
           ~~~~~~~~~~~~^^^^^^^^^^^^^^^^^^^^^^^^^^^^^^^^^
  File "/dev/shm/mosdns-rust-client-ecs-20261002/proof/services.py", line 26, in do_GET
    if self.path.startswith(('/api/','/plugins/','/metrics')):self.proxy()
                                                              ~~~~~~~~~~^^
  File "/usr/lib/python3.13/urllib/request.py", line 1322, in do_open
    raise URLError(err)
  File "/usr/lib/python3.13/urllib/request.py", line 466, in _call_chain
    result = func(*args)
  File "/usr/lib/python3.13/urllib/request.py", line 466, in _call_chain
    result = func(*args)
  File "/dev/shm/mosdns-rust-client-ecs-20261002/proof/services.py", line 32, in proxy
    try:response=urllib.request.urlopen(request)
                 ~~~~~~~~~~~~~~~~~~~~~~^^^^^^^^^
  File "/usr/lib/python3.13/urllib/request.py", line 1348, in http_open
    return self.do_open(http.client.HTTPConnection, req)
           ~~~~~~~~~~~~^^^^^^^^^^^^^^^^^^^^^^^^^^^^^^^^^
  File "/usr/lib/python3.13/urllib/request.py", line 1348, in http_open
    return self.do_open(http.client.HTTPConnection, req)
           ~~~~~~~~~~~~^^^^^^^^^^^^^^^^^^^^^^^^^^^^^^^^^
  File "/usr/lib/python3.13/urllib/request.py", line 1322, in do_open
    raise URLError(err)
  File "/usr/lib/python3.13/urllib/request.py", line 1322, in do_open
    raise URLError(err)
  File "/usr/lib/python3.13/urllib/request.py", line 189, in urlopen
    return opener.open(url, data, timeout)
           ~~~~~~~~~~~^^^^^^^^^^^^^^^^^^^^
  File "/usr/lib/python3.13/urllib/request.py", line 489, in open
    response = self._open(req, data)
urllib.error.URLError: <urlopen error [Errno 111] Connection refused>
  File "/usr/lib/python3.13/urllib/request.py", line 506, in _open
    result = self._call_chain(self.handle_open, protocol, protocol +
                              '_open', req)
  File "/usr/lib/python3.13/urllib/request.py", line 466, in _call_chain
    result = func(*args)
urllib.error.URLError: <urlopen error [Errno 111] Connection refused>
----------------------------------------
----------------------------------------
  File "/usr/lib/python3.13/urllib/request.py", line 1348, in http_open
    return self.do_open(http.client.HTTPConnection, req)
           ~~~~~~~~~~~~^^^^^^^^^^^^^^^^^^^^^^^^^^^^^^^^^
  File "/usr/lib/python3.13/urllib/request.py", line 1322, in do_open
    raise URLError(err)
urllib.error.URLError: <urlopen error [Errno 111] Connection refused>
----------------------------------------
urllib.error.URLError: <urlopen error [Errno 111] Connection refused>
----------------------------------------
----------------------------------------
Exception occurred during processing of request from ('127.0.0.1', 37136)
----------------------------------------
Exception occurred during processing of request from ('127.0.0.1', 37154)
----------------------------------------
Exception occurred during processing of request from ('127.0.0.1', 37144)
Traceback (most recent call last):
  File "/usr/lib/python3.13/urllib/request.py", line 1319, in do_open
    h.request(req.get_method(), req.selector, req.data, headers,
    ~~~~~~~~~^^^^^^^^^^^^^^^^^^^^^^^^^^^^^^^^^^^^^^^^^^^^^^^^^^^
              encode_chunked=req.has_header('Transfer-encoding'))
              ^^^^^^^^^^^^^^^^^^^^^^^^^^^^^^^^^^^^^^^^^^^^^^^^^^^
  File "/usr/lib/python3.13/http/client.py", line 1367, in request
    self._send_request(method, url, body, headers, encode_chunked)
    ~~~~~~~~~~~~~~~~~~^^^^^^^^^^^^^^^^^^^^^^^^^^^^^^^^^^^^^^^^^^^^
  File "/usr/lib/python3.13/http/client.py", line 1413, in _send_request
    self.endheaders(body, encode_chunked=encode_chunked)
    ~~~~~~~~~~~~~~~^^^^^^^^^^^^^^^^^^^^^^^^^^^^^^^^^^^^^
  File "/usr/lib/python3.13/http/client.py", line 1362, in endheaders
    self._send_output(message_body, encode_chunked=encode_chunked)
    ~~~~~~~~~~~~~~~~~^^^^^^^^^^^^^^^^^^^^^^^^^^^^^^^^^^^^^^^^^^^^^
  File "/usr/lib/python3.13/http/client.py", line 1122, in _send_output
    self.send(msg)
    ~~~~~~~~~^^^^^
Traceback (most recent call last):
  File "/usr/lib/python3.13/http/client.py", line 1066, in send
    self.connect()
    ~~~~~~~~~~~~^^
  File "/usr/lib/python3.13/urllib/request.py", line 1319, in do_open
    h.request(req.get_method(), req.selector, req.data, headers,
    ~~~~~~~~~^^^^^^^^^^^^^^^^^^^^^^^^^^^^^^^^^^^^^^^^^^^^^^^^^^^
              encode_chunked=req.has_header('Transfer-encoding'))
              ^^^^^^^^^^^^^^^^^^^^^^^^^^^^^^^^^^^^^^^^^^^^^^^^^^^
  File "/usr/lib/python3.13/http/client.py", line 1032, in connect
    self.sock = self._create_connection(
                ~~~~~~~~~~~~~~~~~~~~~~~^
        (self.host,self.port), self.timeout, self.source_address)
        ^^^^^^^^^^^^^^^^^^^^^^^^^^^^^^^^^^^^^^^^^^^^^^^^^^^^^^^^^
  File "/usr/lib/python3.13/http/client.py", line 1367, in request
    self._send_request(method, url, body, headers, encode_chunked)
    ~~~~~~~~~~~~~~~~~~^^^^^^^^^^^^^^^^^^^^^^^^^^^^^^^^^^^^^^^^^^^^
----------------------------------------
Traceback (most recent call last):
Exception occurred during processing of request from ('127.0.0.1', 37156)
  File "/usr/lib/python3.13/http/client.py", line 1413, in _send_request
    self.endheaders(body, encode_chunked=encode_chunked)
    ~~~~~~~~~~~~~~~^^^^^^^^^^^^^^^^^^^^^^^^^^^^^^^^^^^^^
  File "/usr/lib/python3.13/socket.py", line 864, in create_connection
    raise exceptions[0]
  File "/usr/lib/python3.13/http/client.py", line 1362, in endheaders
    self._send_output(message_body, encode_chunked=encode_chunked)
    ~~~~~~~~~~~~~~~~~^^^^^^^^^^^^^^^^^^^^^^^^^^^^^^^^^^^^^^^^^^^^^
  File "/usr/lib/python3.13/socket.py", line 849, in create_connection
    sock.connect(sa)
    ~~~~~~~~~~~~^^^^
  File "/usr/lib/python3.13/urllib/request.py", line 1319, in do_open
    h.request(req.get_method(), req.selector, req.data, headers,
    ~~~~~~~~~^^^^^^^^^^^^^^^^^^^^^^^^^^^^^^^^^^^^^^^^^^^^^^^^^^^
              encode_chunked=req.has_header('Transfer-encoding'))
              ^^^^^^^^^^^^^^^^^^^^^^^^^^^^^^^^^^^^^^^^^^^^^^^^^^^
  File "/usr/lib/python3.13/http/client.py", line 1122, in _send_output
    self.send(msg)
    ~~~~~~~~~^^^^^
  File "/usr/lib/python3.13/http/client.py", line 1367, in request
    self._send_request(method, url, body, headers, encode_chunked)
    ~~~~~~~~~~~~~~~~~~^^^^^^^^^^^^^^^^^^^^^^^^^^^^^^^^^^^^^^^^^^^^
ConnectionRefusedError: [Errno 111] Connection refused
Traceback (most recent call last):

During handling of the above exception, another exception occurred:

  File "/usr/lib/python3.13/urllib/request.py", line 1319, in do_open
    h.request(req.get_method(), req.selector, req.data, headers,
    ~~~~~~~~~^^^^^^^^^^^^^^^^^^^^^^^^^^^^^^^^^^^^^^^^^^^^^^^^^^^
              encode_chunked=req.has_header('Transfer-encoding'))
              ^^^^^^^^^^^^^^^^^^^^^^^^^^^^^^^^^^^^^^^^^^^^^^^^^^^
  File "/usr/lib/python3.13/http/client.py", line 1066, in send
    self.connect()
    ~~~~~~~~~~~~^^
  File "/usr/lib/python3.13/http/client.py", line 1413, in _send_request
    self.endheaders(body, encode_chunked=encode_chunked)
    ~~~~~~~~~~~~~~~^^^^^^^^^^^^^^^^^^^^^^^^^^^^^^^^^^^^^
  File "/usr/lib/python3.13/http/client.py", line 1032, in connect
    self.sock = self._create_connection(
                ~~~~~~~~~~~~~~~~~~~~~~~^
        (self.host,self.port), self.timeout, self.source_address)
        ^^^^^^^^^^^^^^^^^^^^^^^^^^^^^^^^^^^^^^^^^^^^^^^^^^^^^^^^^
Traceback (most recent call last):
  File "/usr/lib/python3.13/http/client.py", line 1367, in request
    self._send_request(method, url, body, headers, encode_chunked)
    ~~~~~~~~~~~~~~~~~~^^^^^^^^^^^^^^^^^^^^^^^^^^^^^^^^^^^^^^^^^^^^
  File "/usr/lib/python3.13/http/client.py", line 1413, in _send_request
    self.endheaders(body, encode_chunked=encode_chunked)
    ~~~~~~~~~~~~~~~^^^^^^^^^^^^^^^^^^^^^^^^^^^^^^^^^^^^^
  File "/usr/lib/python3.13/socket.py", line 864, in create_connection
    raise exceptions[0]
  File "/usr/lib/python3.13/http/client.py", line 1362, in endheaders
    self._send_output(message_body, encode_chunked=encode_chunked)
    ~~~~~~~~~~~~~~~~~^^^^^^^^^^^^^^^^^^^^^^^^^^^^^^^^^^^^^^^^^^^^^
  File "/usr/lib/python3.13/socketserver.py", line 697, in process_request_thread
    self.finish_request(request, client_address)
    ~~~~~~~~~~~~~~~~~~~^^^^^^^^^^^^^^^^^^^^^^^^^
  File "/usr/lib/python3.13/http/client.py", line 1362, in endheaders
    self._send_output(message_body, encode_chunked=encode_chunked)
    ~~~~~~~~~~~~~~~~~^^^^^^^^^^^^^^^^^^^^^^^^^^^^^^^^^^^^^^^^^^^^^
  File "/usr/lib/python3.13/http/client.py", line 1122, in _send_output
    self.send(msg)
    ~~~~~~~~~^^^^^
  File "/usr/lib/python3.13/http/client.py", line 1066, in send
    self.connect()
    ~~~~~~~~~~~~^^
  File "/usr/lib/python3.13/http/client.py", line 1032, in connect
    self.sock = self._create_connection(
                ~~~~~~~~~~~~~~~~~~~~~~~^
        (self.host,self.port), self.timeout, self.source_address)
        ^^^^^^^^^^^^^^^^^^^^^^^^^^^^^^^^^^^^^^^^^^^^^^^^^^^^^^^^^
  File "/usr/lib/python3.13/socket.py", line 849, in create_connection
    sock.connect(sa)
    ~~~~~~~~~~~~^^^^
  File "/usr/lib/python3.13/http/client.py", line 1122, in _send_output
    self.send(msg)
    ~~~~~~~~~^^^^^
  File "/usr/lib/python3.13/socketserver.py", line 362, in finish_request
    self.RequestHandlerClass(request, client_address, self)
    ~~~~~~~~~~~~~~~~~~~~~~~~^^^^^^^^^^^^^^^^^^^^^^^^^^^^^^^
  File "/usr/lib/python3.13/socket.py", line 864, in create_connection
    raise exceptions[0]
  File "/usr/lib/python3.13/http/client.py", line 1066, in send
    self.connect()
    ~~~~~~~~~~~~^^
  File "/dev/shm/mosdns-rust-client-ecs-20261002/proof/services.py", line 24, in __init__
    def __init__(self,*args,**kwargs):super().__init__(*args,directory=str(bundle),**kwargs)
                                      ~~~~~~~~~~~~~~~~^^^^^^^^^^^^^^^^^^^^^^^^^^^^^^^^^^^^^^
  File "/usr/lib/python3.13/http/server.py", line 672, in __init__
    super().__init__(*args, **kwargs)
    ~~~~~~~~~~~~~~~~^^^^^^^^^^^^^^^^^
  File "/usr/lib/python3.13/socketserver.py", line 766, in __init__
    self.handle()
    ~~~~~~~~~~~^^
  File "/usr/lib/python3.13/http/client.py", line 1032, in connect
    self.sock = self._create_connection(
                ~~~~~~~~~~~~~~~~~~~~~~~^
        (self.host,self.port), self.timeout, self.source_address)
        ^^^^^^^^^^^^^^^^^^^^^^^^^^^^^^^^^^^^^^^^^^^^^^^^^^^^^^^^^
ConnectionRefusedError: [Errno 111] Connection refused
  File "/usr/lib/python3.13/socket.py", line 849, in create_connection
    sock.connect(sa)
    ~~~~~~~~~~~~^^^^

During handling of the above exception, another exception occurred:

  File "/usr/lib/python3.13/socket.py", line 864, in create_connection
    raise exceptions[0]
  File "/usr/lib/python3.13/socket.py", line 849, in create_connection
    sock.connect(sa)
    ~~~~~~~~~~~~^^^^
  File "/usr/lib/python3.13/http/server.py", line 436, in handle
    self.handle_one_request()
    ~~~~~~~~~~~~~~~~~~~~~~~^^
ConnectionRefusedError: [Errno 111] Connection refused
Traceback (most recent call last):
ConnectionRefusedError: [Errno 111] Connection refused
  File "/usr/lib/python3.13/http/server.py", line 424, in handle_one_request
    method()
    ~~~~~~^^

During handling of the above exception, another exception occurred:


During handling of the above exception, another exception occurred:

Traceback (most recent call last):
  File "/dev/shm/mosdns-rust-client-ecs-20261002/proof/services.py", line 26, in do_GET
    if self.path.startswith(('/api/','/plugins/','/metrics')):self.proxy()
                                                              ~~~~~~~~~~^^
  File "/usr/lib/python3.13/socketserver.py", line 697, in process_request_thread
    self.finish_request(request, client_address)
    ~~~~~~~~~~~~~~~~~~~^^^^^^^^^^^^^^^^^^^^^^^^^
Traceback (most recent call last):
  File "/dev/shm/mosdns-rust-client-ecs-20261002/proof/services.py", line 32, in proxy
    try:response=urllib.request.urlopen(request)
                 ~~~~~~~~~~~~~~~~~~~~~~^^^^^^^^^
  File "/usr/lib/python3.13/socketserver.py", line 697, in process_request_thread
    self.finish_request(request, client_address)
    ~~~~~~~~~~~~~~~~~~~^^^^^^^^^^^^^^^^^^^^^^^^^
  File "/usr/lib/python3.13/socketserver.py", line 362, in finish_request
    self.RequestHandlerClass(request, client_address, self)
    ~~~~~~~~~~~~~~~~~~~~~~~~^^^^^^^^^^^^^^^^^^^^^^^^^^^^^^^
  File "/dev/shm/mosdns-rust-client-ecs-20261002/proof/services.py", line 24, in __init__
    def __init__(self,*args,**kwargs):super().__init__(*args,directory=str(bundle),**kwargs)
                                      ~~~~~~~~~~~~~~~~^^^^^^^^^^^^^^^^^^^^^^^^^^^^^^^^^^^^^^
  File "/usr/lib/python3.13/http/server.py", line 672, in __init__
    super().__init__(*args, **kwargs)
    ~~~~~~~~~~~~~~~~^^^^^^^^^^^^^^^^^
  File "/usr/lib/python3.13/socketserver.py", line 766, in __init__
    self.handle()
    ~~~~~~~~~~~^^
  File "/usr/lib/python3.13/http/server.py", line 436, in handle
    self.handle_one_request()
    ~~~~~~~~~~~~~~~~~~~~~~~^^
  File "/usr/lib/python3.13/http/server.py", line 424, in handle_one_request
    method()
    ~~~~~~^^
  File "/dev/shm/mosdns-rust-client-ecs-20261002/proof/services.py", line 26, in do_GET
    if self.path.startswith(('/api/','/plugins/','/metrics')):self.proxy()
                                                              ~~~~~~~~~~^^
  File "/dev/shm/mosdns-rust-client-ecs-20261002/proof/services.py", line 32, in proxy
    try:response=urllib.request.urlopen(request)
                 ~~~~~~~~~~~~~~~~~~~~~~^^^^^^^^^
  File "/usr/lib/python3.13/urllib/request.py", line 189, in urlopen
    return opener.open(url, data, timeout)
           ~~~~~~~~~~~^^^^^^^^^^^^^^^^^^^^
  File "/usr/lib/python3.13/urllib/request.py", line 489, in open
    response = self._open(req, data)
  File "/usr/lib/python3.13/urllib/request.py", line 506, in _open
    result = self._call_chain(self.handle_open, protocol, protocol +
                              '_open', req)
  File "/usr/lib/python3.13/urllib/request.py", line 466, in _call_chain
    result = func(*args)
  File "/usr/lib/python3.13/urllib/request.py", line 1348, in http_open
    return self.do_open(http.client.HTTPConnection, req)
           ~~~~~~~~~~~~^^^^^^^^^^^^^^^^^^^^^^^^^^^^^^^^^
  File "/usr/lib/python3.13/urllib/request.py", line 1322, in do_open
    raise URLError(err)
urllib.error.URLError: <urlopen error [Errno 111] Connection refused>
----------------------------------------
  File "/usr/lib/python3.13/socketserver.py", line 362, in finish_request
    self.RequestHandlerClass(request, client_address, self)
    ~~~~~~~~~~~~~~~~~~~~~~~~^^^^^^^^^^^^^^^^^^^^^^^^^^^^^^^
  File "/dev/shm/mosdns-rust-client-ecs-20261002/proof/services.py", line 24, in __init__
    def __init__(self,*args,**kwargs):super().__init__(*args,directory=str(bundle),**kwargs)
                                      ~~~~~~~~~~~~~~~~^^^^^^^^^^^^^^^^^^^^^^^^^^^^^^^^^^^^^^
  File "/usr/lib/python3.13/http/server.py", line 672, in __init__
    super().__init__(*args, **kwargs)
    ~~~~~~~~~~~~~~~~^^^^^^^^^^^^^^^^^
  File "/usr/lib/python3.13/socketserver.py", line 766, in __init__
    self.handle()
    ~~~~~~~~~~~^^
  File "/usr/lib/python3.13/http/server.py", line 436, in handle
    self.handle_one_request()
    ~~~~~~~~~~~~~~~~~~~~~~~^^
  File "/usr/lib/python3.13/http/server.py", line 424, in handle_one_request
    method()
    ~~~~~~^^
  File "/dev/shm/mosdns-rust-client-ecs-20261002/proof/services.py", line 26, in do_GET
    if self.path.startswith(('/api/','/plugins/','/metrics')):self.proxy()
                                                              ~~~~~~~~~~^^
  File "/dev/shm/mosdns-rust-client-ecs-20261002/proof/services.py", line 32, in proxy
    try:response=urllib.request.urlopen(request)
                 ~~~~~~~~~~~~~~~~~~~~~~^^^^^^^^^
  File "/usr/lib/python3.13/urllib/request.py", line 189, in urlopen
    return opener.open(url, data, timeout)
           ~~~~~~~~~~~^^^^^^^^^^^^^^^^^^^^
  File "/usr/lib/python3.13/urllib/request.py", line 489, in open
    response = self._open(req, data)
  File "/usr/lib/python3.13/urllib/request.py", line 506, in _open
    result = self._call_chain(self.handle_open, protocol, protocol +
                              '_open', req)
  File "/usr/lib/python3.13/urllib/request.py", line 466, in _call_chain
    result = func(*args)
  File "/usr/lib/python3.13/urllib/request.py", line 1348, in http_open
    return self.do_open(http.client.HTTPConnection, req)
           ~~~~~~~~~~~~^^^^^^^^^^^^^^^^^^^^^^^^^^^^^^^^^
  File "/usr/lib/python3.13/urllib/request.py", line 1322, in do_open
    raise URLError(err)
urllib.error.URLError: <urlopen error [Errno 111] Connection refused>
----------------------------------------
  File "/usr/lib/python3.13/urllib/request.py", line 189, in urlopen
    return opener.open(url, data, timeout)
           ~~~~~~~~~~~^^^^^^^^^^^^^^^^^^^^
  File "/usr/lib/python3.13/urllib/request.py", line 489, in open
    response = self._open(req, data)
  File "/usr/lib/python3.13/urllib/request.py", line 506, in _open
    result = self._call_chain(self.handle_open, protocol, protocol +
                              '_open', req)
  File "/usr/lib/python3.13/urllib/request.py", line 466, in _call_chain
    result = func(*args)
  File "/usr/lib/python3.13/urllib/request.py", line 1348, in http_open
    return self.do_open(http.client.HTTPConnection, req)
           ~~~~~~~~~~~~^^^^^^^^^^^^^^^^^^^^^^^^^^^^^^^^^
  File "/usr/lib/python3.13/urllib/request.py", line 1322, in do_open
    raise URLError(err)
urllib.error.URLError: <urlopen error [Errno 111] Connection refused>
----------------------------------------
  File "/usr/lib/python3.13/socketserver.py", line 697, in process_request_thread
    self.finish_request(request, client_address)
    ~~~~~~~~~~~~~~~~~~~^^^^^^^^^^^^^^^^^^^^^^^^^
  File "/usr/lib/python3.13/socketserver.py", line 362, in finish_request
    self.RequestHandlerClass(request, client_address, self)
    ~~~~~~~~~~~~~~~~~~~~~~~~^^^^^^^^^^^^^^^^^^^^^^^^^^^^^^^
  File "/dev/shm/mosdns-rust-client-ecs-20261002/proof/services.py", line 24, in __init__
    def __init__(self,*args,**kwargs):super().__init__(*args,directory=str(bundle),**kwargs)
                                      ~~~~~~~~~~~~~~~~^^^^^^^^^^^^^^^^^^^^^^^^^^^^^^^^^^^^^^
  File "/usr/lib/python3.13/http/server.py", line 672, in __init__
    super().__init__(*args, **kwargs)
    ~~~~~~~~~~~~~~~~^^^^^^^^^^^^^^^^^
  File "/usr/lib/python3.13/socketserver.py", line 766, in __init__
    self.handle()
    ~~~~~~~~~~~^^
  File "/usr/lib/python3.13/http/server.py", line 436, in handle
    self.handle_one_request()
    ~~~~~~~~~~~~~~~~~~~~~~~^^
  File "/usr/lib/python3.13/http/server.py", line 424, in handle_one_request
    method()
    ~~~~~~^^
  File "/dev/shm/mosdns-rust-client-ecs-20261002/proof/services.py", line 26, in do_GET
    if self.path.startswith(('/api/','/plugins/','/metrics')):self.proxy()
                                                              ~~~~~~~~~~^^
  File "/dev/shm/mosdns-rust-client-ecs-20261002/proof/services.py", line 32, in proxy
    try:response=urllib.request.urlopen(request)
                 ~~~~~~~~~~~~~~~~~~~~~~^^^^^^^^^
  File "/usr/lib/python3.13/urllib/request.py", line 189, in urlopen
    return opener.open(url, data, timeout)
           ~~~~~~~~~~~^^^^^^^^^^^^^^^^^^^^
  File "/usr/lib/python3.13/urllib/request.py", line 489, in open
    response = self._open(req, data)
  File "/usr/lib/python3.13/urllib/request.py", line 506, in _open
    result = self._call_chain(self.handle_open, protocol, protocol +
                              '_open', req)
  File "/usr/lib/python3.13/urllib/request.py", line 466, in _call_chain
    result = func(*args)
  File "/usr/lib/python3.13/urllib/request.py", line 1348, in http_open
    return self.do_open(http.client.HTTPConnection, req)
           ~~~~~~~~~~~~^^^^^^^^^^^^^^^^^^^^^^^^^^^^^^^^^
  File "/usr/lib/python3.13/urllib/request.py", line 1322, in do_open
    raise URLError(err)
urllib.error.URLError: <urlopen error [Errno 111] Connection refused>
----------------------------------------
----------------------------------------
Exception occurred during processing of request from ('127.0.0.1', 37172)
Traceback (most recent call last):
  File "/usr/lib/python3.13/urllib/request.py", line 1319, in do_open
    h.request(req.get_method(), req.selector, req.data, headers,
    ~~~~~~~~~^^^^^^^^^^^^^^^^^^^^^^^^^^^^^^^^^^^^^^^^^^^^^^^^^^^
              encode_chunked=req.has_header('Transfer-encoding'))
              ^^^^^^^^^^^^^^^^^^^^^^^^^^^^^^^^^^^^^^^^^^^^^^^^^^^
  File "/usr/lib/python3.13/http/client.py", line 1367, in request
    self._send_request(method, url, body, headers, encode_chunked)
    ~~~~~~~~~~~~~~~~~~^^^^^^^^^^^^^^^^^^^^^^^^^^^^^^^^^^^^^^^^^^^^
----------------------------------------
Exception occurred during processing of request from ('127.0.0.1', 37190)
  File "/usr/lib/python3.13/http/client.py", line 1413, in _send_request
    self.endheaders(body, encode_chunked=encode_chunked)
    ~~~~~~~~~~~~~~~^^^^^^^^^^^^^^^^^^^^^^^^^^^^^^^^^^^^^
  File "/usr/lib/python3.13/http/client.py", line 1362, in endheaders
    self._send_output(message_body, encode_chunked=encode_chunked)
    ~~~~~~~~~~~~~~~~~^^^^^^^^^^^^^^^^^^^^^^^^^^^^^^^^^^^^^^^^^^^^^
Traceback (most recent call last):
  File "/usr/lib/python3.13/http/client.py", line 1122, in _send_output
    self.send(msg)
    ~~~~~~~~~^^^^^
  File "/usr/lib/python3.13/http/client.py", line 1066, in send
    self.connect()
    ~~~~~~~~~~~~^^
  File "/usr/lib/python3.13/http/client.py", line 1032, in connect
    self.sock = self._create_connection(
                ~~~~~~~~~~~~~~~~~~~~~~~^
        (self.host,self.port), self.timeout, self.source_address)
        ^^^^^^^^^^^^^^^^^^^^^^^^^^^^^^^^^^^^^^^^^^^^^^^^^^^^^^^^^
  File "/usr/lib/python3.13/urllib/request.py", line 1319, in do_open
    h.request(req.get_method(), req.selector, req.data, headers,
    ~~~~~~~~~^^^^^^^^^^^^^^^^^^^^^^^^^^^^^^^^^^^^^^^^^^^^^^^^^^^
              encode_chunked=req.has_header('Transfer-encoding'))
              ^^^^^^^^^^^^^^^^^^^^^^^^^^^^^^^^^^^^^^^^^^^^^^^^^^^
----------------------------------------
Exception occurred during processing of request from ('127.0.0.1', 37160)
Traceback (most recent call last):
  File "/usr/lib/python3.13/socket.py", line 864, in create_connection
    raise exceptions[0]
----------------------------------------
Exception occurred during processing of request from ('127.0.0.1', 37176)
  File "/usr/lib/python3.13/http/client.py", line 1367, in request
    self._send_request(method, url, body, headers, encode_chunked)
    ~~~~~~~~~~~~~~~~~~^^^^^^^^^^^^^^^^^^^^^^^^^^^^^^^^^^^^^^^^^^^^
  File "/usr/lib/python3.13/http/client.py", line 1413, in _send_request
    self.endheaders(body, encode_chunked=encode_chunked)
    ~~~~~~~~~~~~~~~^^^^^^^^^^^^^^^^^^^^^^^^^^^^^^^^^^^^^
  File "/usr/lib/python3.13/http/client.py", line 1362, in endheaders
    self._send_output(message_body, encode_chunked=encode_chunked)
    ~~~~~~~~~~~~~~~~~^^^^^^^^^^^^^^^^^^^^^^^^^^^^^^^^^^^^^^^^^^^^^
  File "/usr/lib/python3.13/http/client.py", line 1122, in _send_output
    self.send(msg)
    ~~~~~~~~~^^^^^
  File "/usr/lib/python3.13/http/client.py", line 1066, in send
    self.connect()
    ~~~~~~~~~~~~^^
  File "/usr/lib/python3.13/socket.py", line 849, in create_connection
    sock.connect(sa)
    ~~~~~~~~~~~~^^^^
  File "/usr/lib/python3.13/urllib/request.py", line 1319, in do_open
    h.request(req.get_method(), req.selector, req.data, headers,
    ~~~~~~~~~^^^^^^^^^^^^^^^^^^^^^^^^^^^^^^^^^^^^^^^^^^^^^^^^^^^
              encode_chunked=req.has_header('Transfer-encoding'))
              ^^^^^^^^^^^^^^^^^^^^^^^^^^^^^^^^^^^^^^^^^^^^^^^^^^^
Traceback (most recent call last):
  File "/usr/lib/python3.13/http/client.py", line 1032, in connect
    self.sock = self._create_connection(
                ~~~~~~~~~~~~~~~~~~~~~~~^
        (self.host,self.port), self.timeout, self.source_address)
        ^^^^^^^^^^^^^^^^^^^^^^^^^^^^^^^^^^^^^^^^^^^^^^^^^^^^^^^^^
  File "/usr/lib/python3.13/urllib/request.py", line 1319, in do_open
    h.request(req.get_method(), req.selector, req.data, headers,
    ~~~~~~~~~^^^^^^^^^^^^^^^^^^^^^^^^^^^^^^^^^^^^^^^^^^^^^^^^^^^
              encode_chunked=req.has_header('Transfer-encoding'))
              ^^^^^^^^^^^^^^^^^^^^^^^^^^^^^^^^^^^^^^^^^^^^^^^^^^^
  File "/usr/lib/python3.13/socket.py", line 864, in create_connection
    raise exceptions[0]
ConnectionRefusedError: [Errno 111] Connection refused
  File "/usr/lib/python3.13/http/client.py", line 1367, in request
    self._send_request(method, url, body, headers, encode_chunked)
    ~~~~~~~~~~~~~~~~~~^^^^^^^^^^^^^^^^^^^^^^^^^^^^^^^^^^^^^^^^^^^^
  File "/usr/lib/python3.13/http/client.py", line 1367, in request
    self._send_request(method, url, body, headers, encode_chunked)
    ~~~~~~~~~~~~~~~~~~^^^^^^^^^^^^^^^^^^^^^^^^^^^^^^^^^^^^^^^^^^^^
  File "/usr/lib/python3.13/http/client.py", line 1413, in _send_request
    self.endheaders(body, encode_chunked=encode_chunked)
    ~~~~~~~~~~~~~~~^^^^^^^^^^^^^^^^^^^^^^^^^^^^^^^^^^^^^
  File "/usr/lib/python3.13/http/client.py", line 1362, in endheaders
    self._send_output(message_body, encode_chunked=encode_chunked)
    ~~~~~~~~~~~~~~~~~^^^^^^^^^^^^^^^^^^^^^^^^^^^^^^^^^^^^^^^^^^^^^
  File "/usr/lib/python3.13/http/client.py", line 1122, in _send_output
    self.send(msg)
    ~~~~~~~~~^^^^^
  File "/usr/lib/python3.13/http/client.py", line 1066, in send
    self.connect()
    ~~~~~~~~~~~~^^
  File "/usr/lib/python3.13/http/client.py", line 1032, in connect
    self.sock = self._create_connection(
                ~~~~~~~~~~~~~~~~~~~~~~~^
        (self.host,self.port), self.timeout, self.source_address)
        ^^^^^^^^^^^^^^^^^^^^^^^^^^^^^^^^^^^^^^^^^^^^^^^^^^^^^^^^^

During handling of the above exception, another exception occurred:

  File "/usr/lib/python3.13/socket.py", line 864, in create_connection
    raise exceptions[0]
  File "/usr/lib/python3.13/socket.py", line 849, in create_connection
    sock.connect(sa)
    ~~~~~~~~~~~~^^^^
  File "/usr/lib/python3.13/socket.py", line 849, in create_connection
    sock.connect(sa)
    ~~~~~~~~~~~~^^^^
Traceback (most recent call last):
  File "/usr/lib/python3.13/http/client.py", line 1413, in _send_request
    self.endheaders(body, encode_chunked=encode_chunked)
    ~~~~~~~~~~~~~~~^^^^^^^^^^^^^^^^^^^^^^^^^^^^^^^^^^^^^
ConnectionRefusedError: [Errno 111] Connection refused
ConnectionRefusedError: [Errno 111] Connection refused

During handling of the above exception, another exception occurred:


During handling of the above exception, another exception occurred:

  File "/usr/lib/python3.13/http/client.py", line 1362, in endheaders
    self._send_output(message_body, encode_chunked=encode_chunked)
    ~~~~~~~~~~~~~~~~~^^^^^^^^^^^^^^^^^^^^^^^^^^^^^^^^^^^^^^^^^^^^^
  File "/usr/lib/python3.13/socketserver.py", line 697, in process_request_thread
    self.finish_request(request, client_address)
    ~~~~~~~~~~~~~~~~~~~^^^^^^^^^^^^^^^^^^^^^^^^^
  File "/usr/lib/python3.13/http/client.py", line 1122, in _send_output
    self.send(msg)
    ~~~~~~~~~^^^^^
Traceback (most recent call last):
Traceback (most recent call last):
  File "/usr/lib/python3.13/socketserver.py", line 362, in finish_request
    self.RequestHandlerClass(request, client_address, self)
    ~~~~~~~~~~~~~~~~~~~~~~~~^^^^^^^^^^^^^^^^^^^^^^^^^^^^^^^
  File "/usr/lib/python3.13/http/client.py", line 1066, in send
    self.connect()
    ~~~~~~~~~~~~^^
  File "/dev/shm/mosdns-rust-client-ecs-20261002/proof/services.py", line 24, in __init__
    def __init__(self,*args,**kwargs):super().__init__(*args,directory=str(bundle),**kwargs)
                                      ~~~~~~~~~~~~~~~~^^^^^^^^^^^^^^^^^^^^^^^^^^^^^^^^^^^^^^
  File "/usr/lib/python3.13/socketserver.py", line 697, in process_request_thread
    self.finish_request(request, client_address)
    ~~~~~~~~~~~~~~~~~~~^^^^^^^^^^^^^^^^^^^^^^^^^
  File "/usr/lib/python3.13/socketserver.py", line 697, in process_request_thread
    self.finish_request(request, client_address)
    ~~~~~~~~~~~~~~~~~~~^^^^^^^^^^^^^^^^^^^^^^^^^
  File "/usr/lib/python3.13/socketserver.py", line 362, in finish_request
    self.RequestHandlerClass(request, client_address, self)
    ~~~~~~~~~~~~~~~~~~~~~~~~^^^^^^^^^^^^^^^^^^^^^^^^^^^^^^^
  File "/dev/shm/mosdns-rust-client-ecs-20261002/proof/services.py", line 24, in __init__
    def __init__(self,*args,**kwargs):super().__init__(*args,directory=str(bundle),**kwargs)
                                      ~~~~~~~~~~~~~~~~^^^^^^^^^^^^^^^^^^^^^^^^^^^^^^^^^^^^^^
  File "/usr/lib/python3.13/http/server.py", line 672, in __init__
    super().__init__(*args, **kwargs)
    ~~~~~~~~~~~~~~~~^^^^^^^^^^^^^^^^^
  File "/usr/lib/python3.13/socketserver.py", line 766, in __init__
    self.handle()
    ~~~~~~~~~~~^^
  File "/usr/lib/python3.13/http/client.py", line 1032, in connect
    self.sock = self._create_connection(
                ~~~~~~~~~~~~~~~~~~~~~~~^
        (self.host,self.port), self.timeout, self.source_address)
        ^^^^^^^^^^^^^^^^^^^^^^^^^^^^^^^^^^^^^^^^^^^^^^^^^^^^^^^^^
  File "/usr/lib/python3.13/http/server.py", line 672, in __init__
    super().__init__(*args, **kwargs)
    ~~~~~~~~~~~~~~~~^^^^^^^^^^^^^^^^^
  File "/usr/lib/python3.13/socketserver.py", line 766, in __init__
    self.handle()
    ~~~~~~~~~~~^^
  File "/usr/lib/python3.13/socket.py", line 864, in create_connection
    raise exceptions[0]
  File "/usr/lib/python3.13/http/server.py", line 436, in handle
    self.handle_one_request()
    ~~~~~~~~~~~~~~~~~~~~~~~^^
  File "/usr/lib/python3.13/socketserver.py", line 362, in finish_request
    self.RequestHandlerClass(request, client_address, self)
    ~~~~~~~~~~~~~~~~~~~~~~~~^^^^^^^^^^^^^^^^^^^^^^^^^^^^^^^
  File "/usr/lib/python3.13/http/server.py", line 436, in handle
    self.handle_one_request()
    ~~~~~~~~~~~~~~~~~~~~~~~^^
  File "/usr/lib/python3.13/socket.py", line 849, in create_connection
    sock.connect(sa)
    ~~~~~~~~~~~~^^^^
  File "/usr/lib/python3.13/http/server.py", line 424, in handle_one_request
    method()
    ~~~~~~^^
ConnectionRefusedError: [Errno 111] Connection refused
  File "/dev/shm/mosdns-rust-client-ecs-20261002/proof/services.py", line 24, in __init__
    def __init__(self,*args,**kwargs):super().__init__(*args,directory=str(bundle),**kwargs)
                                      ~~~~~~~~~~~~~~~~^^^^^^^^^^^^^^^^^^^^^^^^^^^^^^^^^^^^^^
  File "/usr/lib/python3.13/http/server.py", line 424, in handle_one_request
    method()
    ~~~~~~^^
  File "/dev/shm/mosdns-rust-client-ecs-20261002/proof/services.py", line 26, in do_GET
    if self.path.startswith(('/api/','/plugins/','/metrics')):self.proxy()
                                                              ~~~~~~~~~~^^
  File "/usr/lib/python3.13/http/server.py", line 672, in __init__
    super().__init__(*args, **kwargs)
    ~~~~~~~~~~~~~~~~^^^^^^^^^^^^^^^^^
  File "/dev/shm/mosdns-rust-client-ecs-20261002/proof/services.py", line 26, in do_GET
    if self.path.startswith(('/api/','/plugins/','/metrics')):self.proxy()
                                                              ~~~~~~~~~~^^
  File "/dev/shm/mosdns-rust-client-ecs-20261002/proof/services.py", line 32, in proxy
    try:response=urllib.request.urlopen(request)
                 ~~~~~~~~~~~~~~~~~~~~~~^^^^^^^^^

During handling of the above exception, another exception occurred:

  File "/usr/lib/python3.13/urllib/request.py", line 189, in urlopen
    return opener.open(url, data, timeout)
           ~~~~~~~~~~~^^^^^^^^^^^^^^^^^^^^
  File "/dev/shm/mosdns-rust-client-ecs-20261002/proof/services.py", line 32, in proxy
    try:response=urllib.request.urlopen(request)
                 ~~~~~~~~~~~~~~~~~~~~~~^^^^^^^^^
  File "/usr/lib/python3.13/socketserver.py", line 766, in __init__
    self.handle()
    ~~~~~~~~~~~^^
  File "/usr/lib/python3.13/urllib/request.py", line 189, in urlopen
    return opener.open(url, data, timeout)
           ~~~~~~~~~~~^^^^^^^^^^^^^^^^^^^^
Traceback (most recent call last):
  File "/usr/lib/python3.13/urllib/request.py", line 489, in open
    response = self._open(req, data)
  File "/usr/lib/python3.13/urllib/request.py", line 489, in open
    response = self._open(req, data)
  File "/usr/lib/python3.13/http/server.py", line 436, in handle
    self.handle_one_request()
    ~~~~~~~~~~~~~~~~~~~~~~~^^
  File "/usr/lib/python3.13/http/server.py", line 424, in handle_one_request
    method()
    ~~~~~~^^
  File "/dev/shm/mosdns-rust-client-ecs-20261002/proof/services.py", line 26, in do_GET
    if self.path.startswith(('/api/','/plugins/','/metrics')):self.proxy()
                                                              ~~~~~~~~~~^^
  File "/dev/shm/mosdns-rust-client-ecs-20261002/proof/services.py", line 32, in proxy
    try:response=urllib.request.urlopen(request)
                 ~~~~~~~~~~~~~~~~~~~~~~^^^^^^^^^
  File "/usr/lib/python3.13/urllib/request.py", line 506, in _open
    result = self._call_chain(self.handle_open, protocol, protocol +
                              '_open', req)
  File "/usr/lib/python3.13/socketserver.py", line 697, in process_request_thread
    self.finish_request(request, client_address)
    ~~~~~~~~~~~~~~~~~~~^^^^^^^^^^^^^^^^^^^^^^^^^
  File "/usr/lib/python3.13/urllib/request.py", line 189, in urlopen
    return opener.open(url, data, timeout)
           ~~~~~~~~~~~^^^^^^^^^^^^^^^^^^^^
  File "/usr/lib/python3.13/urllib/request.py", line 489, in open
    response = self._open(req, data)
  File "/usr/lib/python3.13/urllib/request.py", line 506, in _open
    result = self._call_chain(self.handle_open, protocol, protocol +
                              '_open', req)
  File "/usr/lib/python3.13/urllib/request.py", line 466, in _call_chain
    result = func(*args)
  File "/usr/lib/python3.13/urllib/request.py", line 506, in _open
    result = self._call_chain(self.handle_open, protocol, protocol +
                              '_open', req)
  File "/usr/lib/python3.13/urllib/request.py", line 466, in _call_chain
    result = func(*args)
  File "/usr/lib/python3.13/urllib/request.py", line 1348, in http_open
    return self.do_open(http.client.HTTPConnection, req)
           ~~~~~~~~~~~~^^^^^^^^^^^^^^^^^^^^^^^^^^^^^^^^^
  File "/usr/lib/python3.13/urllib/request.py", line 1322, in do_open
    raise URLError(err)
  File "/usr/lib/python3.13/urllib/request.py", line 466, in _call_chain
    result = func(*args)
  File "/usr/lib/python3.13/urllib/request.py", line 1348, in http_open
    return self.do_open(http.client.HTTPConnection, req)
           ~~~~~~~~~~~~^^^^^^^^^^^^^^^^^^^^^^^^^^^^^^^^^
  File "/usr/lib/python3.13/urllib/request.py", line 1348, in http_open
    return self.do_open(http.client.HTTPConnection, req)
           ~~~~~~~~~~~~^^^^^^^^^^^^^^^^^^^^^^^^^^^^^^^^^
  File "/usr/lib/python3.13/socketserver.py", line 362, in finish_request
    self.RequestHandlerClass(request, client_address, self)
    ~~~~~~~~~~~~~~~~~~~~~~~~^^^^^^^^^^^^^^^^^^^^^^^^^^^^^^^
  File "/dev/shm/mosdns-rust-client-ecs-20261002/proof/services.py", line 24, in __init__
    def __init__(self,*args,**kwargs):super().__init__(*args,directory=str(bundle),**kwargs)
                                      ~~~~~~~~~~~~~~~~^^^^^^^^^^^^^^^^^^^^^^^^^^^^^^^^^^^^^^
  File "/usr/lib/python3.13/urllib/request.py", line 1322, in do_open
    raise URLError(err)
urllib.error.URLError: <urlopen error [Errno 111] Connection refused>
  File "/usr/lib/python3.13/urllib/request.py", line 1322, in do_open
    raise URLError(err)
  File "/usr/lib/python3.13/http/server.py", line 672, in __init__
    super().__init__(*args, **kwargs)
    ~~~~~~~~~~~~~~~~^^^^^^^^^^^^^^^^^
  File "/usr/lib/python3.13/socketserver.py", line 766, in __init__
    self.handle()
    ~~~~~~~~~~~^^
  File "/usr/lib/python3.13/http/server.py", line 436, in handle
    self.handle_one_request()
    ~~~~~~~~~~~~~~~~~~~~~~~^^
  File "/usr/lib/python3.13/http/server.py", line 424, in handle_one_request
    method()
    ~~~~~~^^
urllib.error.URLError: <urlopen error [Errno 111] Connection refused>
urllib.error.URLError: <urlopen error [Errno 111] Connection refused>
----------------------------------------
----------------------------------------
----------------------------------------
  File "/dev/shm/mosdns-rust-client-ecs-20261002/proof/services.py", line 26, in do_GET
    if self.path.startswith(('/api/','/plugins/','/metrics')):self.proxy()
                                                              ~~~~~~~~~~^^
  File "/dev/shm/mosdns-rust-client-ecs-20261002/proof/services.py", line 32, in proxy
    try:response=urllib.request.urlopen(request)
                 ~~~~~~~~~~~~~~~~~~~~~~^^^^^^^^^
  File "/usr/lib/python3.13/urllib/request.py", line 189, in urlopen
    return opener.open(url, data, timeout)
           ~~~~~~~~~~~^^^^^^^^^^^^^^^^^^^^
  File "/usr/lib/python3.13/urllib/request.py", line 489, in open
    response = self._open(req, data)
  File "/usr/lib/python3.13/urllib/request.py", line 506, in _open
    result = self._call_chain(self.handle_open, protocol, protocol +
                              '_open', req)
  File "/usr/lib/python3.13/urllib/request.py", line 466, in _call_chain
    result = func(*args)
  File "/usr/lib/python3.13/urllib/request.py", line 1348, in http_open
    return self.do_open(http.client.HTTPConnection, req)
           ~~~~~~~~~~~~^^^^^^^^^^^^^^^^^^^^^^^^^^^^^^^^^
  File "/usr/lib/python3.13/urllib/request.py", line 1322, in do_open
    raise URLError(err)
urllib.error.URLError: <urlopen error [Errno 111] Connection refused>
----------------------------------------
127.0.0.1 - - [02/Oct/2026 14:32:22] "GET /api/v1/audit/status HTTP/1.1" 200 -
127.0.0.1 - - [02/Oct/2026 14:32:22] "GET /api/v2/audit/stats HTTP/1.1" 200 -
127.0.0.1 - - [02/Oct/2026 14:32:22] "GET /api/v1/audit/capacity HTTP/1.1" 200 -
127.0.0.1 - - [02/Oct/2026 14:32:22] "GET /api/v2/audit/logs?page=1&limit=160 HTTP/1.1" 200 -
127.0.0.1 - - [02/Oct/2026 14:32:25] "GET /api/v2/audit/stats HTTP/1.1" 200 -
127.0.0.1 - - [02/Oct/2026 14:32:25] "GET /api/v1/audit/status HTTP/1.1" 200 -
127.0.0.1 - - [02/Oct/2026 14:32:25] "GET /api/v2/audit/logs?page=1&limit=160 HTTP/1.1" 200 -
127.0.0.1 - - [02/Oct/2026 14:32:28] "GET /api/v1/audit/status HTTP/1.1" 200 -
127.0.0.1 - - [02/Oct/2026 14:32:28] "GET /api/v2/audit/logs?page=1&limit=160 HTTP/1.1" 200 -
127.0.0.1 - - [02/Oct/2026 14:32:28] "GET /api/v2/audit/stats HTTP/1.1" 200 -
127.0.0.1 - - [02/Oct/2026 14:32:30] "GET / HTTP/1.1" 304 -
127.0.0.1 - - [02/Oct/2026 14:32:30] "GET /api/v1/audit/status HTTP/1.1" 200 -
127.0.0.1 - - [02/Oct/2026 14:32:30] "GET /api/v1/audit/capacity HTTP/1.1" 200 -
127.0.0.1 - - [02/Oct/2026 14:32:30] "GET /api/v2/audit/stats HTTP/1.1" 200 -
127.0.0.1 - - [02/Oct/2026 14:32:30] "GET /api/v2/audit/logs?page=1&limit=160 HTTP/1.1" 200 -
127.0.0.1 - - [02/Oct/2026 14:32:30] "GET /api/v1/special-groups HTTP/1.1" 200 -
127.0.0.1 - - [02/Oct/2026 14:32:30] "GET /api/v2/audit/rank/domain?limit=20 HTTP/1.1" 200 -
127.0.0.1 - - [02/Oct/2026 14:32:30] "GET /plugins/clientname HTTP/1.1" 404 -
127.0.0.1 - - [02/Oct/2026 14:32:30] "GET /metrics HTTP/1.1" 200 -
127.0.0.1 - - [02/Oct/2026 14:32:30] "GET /api/v1/appearance/panel-background HTTP/1.1" 404 -
127.0.0.1 - - [02/Oct/2026 14:32:30] "GET /plugins/switch17/show HTTP/1.1" 404 -
127.0.0.1 - - [02/Oct/2026 14:32:30] "GET /api/v1/upstream/config HTTP/1.1" 404 -
127.0.0.1 - - [02/Oct/2026 14:32:30] "GET /api/v1/appearance/text-color HTTP/1.1" 404 -
127.0.0.1 - - [02/Oct/2026 14:32:30] "GET /api/v1/appearance/button-color HTTP/1.1" 404 -
127.0.0.1 - - [02/Oct/2026 14:32:30] "GET /api/v2/audit/stats HTTP/1.1" 200 -
127.0.0.1 - - [02/Oct/2026 14:32:30] "GET /api/v2/audit/rank/client?limit=20 HTTP/1.1" 200 -
127.0.0.1 - - [02/Oct/2026 14:32:30] "GET /api/v2/audit/rank/slowest?limit=20 HTTP/1.1" 200 -
127.0.0.1 - - [02/Oct/2026 14:32:30] "GET /api/v2/audit/rank/effective?limit=20 HTTP/1.1" 200 -
127.0.0.1 - - [02/Oct/2026 14:32:33] "GET /api/v2/audit/stats HTTP/1.1" 200 -
127.0.0.1 - - [02/Oct/2026 14:32:33] "GET /api/v1/audit/status HTTP/1.1" 200 -
127.0.0.1 - - [02/Oct/2026 14:32:33] "GET /api/v2/audit/logs?page=1&limit=160 HTTP/1.1" 200 -
127.0.0.1 - - [02/Oct/2026 14:32:36] "GET /api/v1/audit/status HTTP/1.1" 200 -
127.0.0.1 - - [02/Oct/2026 14:32:36] "GET /api/v2/audit/stats HTTP/1.1" 200 -
127.0.0.1 - - [02/Oct/2026 14:32:36] "GET /api/v2/audit/logs?page=1&limit=160 HTTP/1.1" 200 -
127.0.0.1 - - [02/Oct/2026 14:32:37] "GET /api/v1/special-groups HTTP/1.1" 200 -
127.0.0.1 - - [02/Oct/2026 14:32:37] "GET /plugins/clientname HTTP/1.1" 404 -
127.0.0.1 - - [02/Oct/2026 14:32:37] "GET /api/v2/audit/logs?page=1&limit=50 HTTP/1.1" 200 -
127.0.0.1 - - [02/Oct/2026 14:33:17] "GET /api/v2/audit/logs?page=1&limit=50 HTTP/1.1" 200 -
